request_id,day,tInvites,tquotes,location_id,category_id
1,182,5,2,35,46
2,182,2,1,19,83
3,182,2,2,91,63
4,182,1,0,2,56
5,182,8,1,11,64
6,182,9,3,7,70
7,182,2,2,1,73
8,183,3,0,5,24
9,182,6,3,1,30
10,182,3,3,3,63
11,183,4,1,25,56
12,182,6,2,63,68
13,182,12,6,1,6
14,182,4,4,52,53
15,182,8,5,57,5
16,182,5,1,5,103
17,182,4,0,84,87
18,182,3,0,6,24
19,182,4,1,2,46
20,183,7,5,71,105
21,182,7,4,48,101
22,182,3,1,2,38
23,182,2,2,11,30
24,182,2,1,21,56
25,182,2,0,7,102
26,182,8,5,6,112
27,182,2,1,40,92
28,182,7,3,2,62
29,182,4,2,82,6
30,182,3,1,22,56
31,182,1,0,7,56
32,183,5,4,1,83
33,182,3,1,48,63
34,182,6,0,1,45
35,183,9,5,60,101
36,183,3,0,6,24
37,183,8,2,4,85
38,182,1,0,9,3
39,182,5,0,34,85
40,182,5,2,1,68
41,183,6,2,3,13
42,182,5,2,2,26
43,182,6,3,1,30
44,182,6,1,15,17
45,182,9,1,58,68
46,182,5,2,36,67
48,182,6,2,14,38
49,182,7,3,63,3
50,182,5,2,1,15
51,182,1,1,92,63
52,183,3,2,9,96
53,183,5,2,18,18
54,183,3,3,9,101
55,182,3,0,6,24
56,182,4,4,4,15
57,183,6,4,1,38
58,182,6,5,10,59
59,183,3,2,68,13
60,182,4,2,7,64
61,182,8,6,5,48
62,183,3,2,2,91
63,183,5,3,33,38
64,182,7,5,8,68
65,183,6,2,18,30
66,182,2,1,2,87
67,182,5,2,4,46
68,182,5,2,10,39
69,183,5,2,11,62
70,182,5,1,5,50
71,182,5,1,1,68
72,182,3,3,3,47
73,183,5,3,16,14
74,182,3,2,7,85
75,183,10,5,1,113
76,182,7,4,3,17
77,183,3,1,48,67
78,182,10,6,1,18
79,182,7,2,6,71
80,182,9,5,70,101
81,182,7,3,10,18
82,182,10,7,10,72
83,182,3,0,18,102
84,183,4,0,4,64
85,183,9,0,3,103
86,183,7,2,13,29
87,182,7,2,68,15
88,182,5,3,12,38
89,182,5,3,6,87
90,182,4,2,36,87
91,182,4,3,44,108
92,182,4,1,18,62
93,184,9,2,7,70
94,183,5,2,1,56
95,182,4,4,2,79
96,182,4,1,100,64
97,183,9,6,2,110
98,183,3,2,9,29
99,183,4,1,10,71
100,184,6,5,15,63
101,183,9,8,5,47
102,183,5,2,1,56
103,183,7,6,1,105
104,183,5,3,1,4
105,183,8,4,43,18
106,183,6,1,2,20
107,183,7,0,19,103
108,183,11,3,27,87
109,183,6,3,2,109
110,184,6,6,53,7
111,183,2,1,2,63
112,184,3,2,1,29
113,183,3,2,49,17
114,183,10,3,2,72
115,183,4,4,5,63
116,183,3,2,1,64
117,183,2,0,4,3
118,183,7,2,3,101
119,183,4,0,4,56
120,184,1,0,2,30
121,183,6,5,4,47
122,183,5,3,97,6
123,183,4,2,12,56
124,183,5,2,5,38
125,183,5,2,65,103
126,183,5,4,1,110
127,183,5,4,17,14
128,184,8,4,3,16
129,183,4,3,4,33
130,183,7,1,25,98
131,183,7,2,27,72
132,183,4,1,30,6
133,184,4,2,45,67
134,183,7,4,20,110
135,183,5,5,21,78
136,183,5,3,40,29
137,183,5,2,86,56
138,183,5,4,1,56
139,183,2,2,40,92
140,183,11,11,20,35
141,183,7,2,99,70
142,183,11,4,70,39
143,183,3,0,1,64
144,183,5,0,17,3
145,183,7,0,7,24
146,183,8,4,3,14
147,184,4,1,26,24
148,183,6,5,1,63
149,184,3,0,6,45
150,184,4,2,2,60
151,184,3,0,73,87
152,183,5,2,3,98
153,183,4,1,21,46
154,183,7,3,4,68
155,183,6,2,87,65
156,183,5,1,72,68
157,183,7,0,1,24
158,183,4,4,33,5
159,184,5,3,1,39
160,183,1,1,45,8
161,184,7,3,1,105
162,183,9,5,75,6
163,183,6,4,1,38
164,184,8,4,36,6
165,184,3,1,4,5
166,183,8,5,59,105
167,183,4,1,4,15
168,183,2,2,62,30
169,183,4,1,4,56
170,183,5,1,34,62
171,184,8,4,2,6
172,184,5,5,11,63
173,183,7,6,38,112
174,184,3,1,2,38
175,184,4,2,14,56
176,183,6,1,80,70
177,183,3,1,5,14
178,183,5,0,12,15
179,184,7,2,3,20
180,184,5,2,6,13
181,183,7,1,10,13
182,183,3,3,68,27
183,183,7,2,75,68
184,183,9,8,65,47
185,184,3,1,9,29
186,183,4,4,5,63
187,183,7,4,1,20
188,183,5,0,36,45
189,183,2,2,12,64
190,183,3,2,52,56
191,184,3,2,8,100
192,184,12,5,1,6
193,184,3,2,2,18
195,184,1,1,1,93
196,184,7,5,3,83
197,184,6,2,11,56
198,184,7,4,24,68
199,184,4,1,5,56
200,184,2,1,1,67
201,185,3,3,1,32
202,184,4,3,30,20
203,185,7,0,31,24
204,184,2,1,2,87
205,184,2,0,97,45
206,184,5,3,3,98
207,185,3,3,6,38
208,184,4,3,45,63
209,184,3,2,2,18
210,184,6,2,3,38
211,184,3,0,26,63
212,185,6,4,14,38
213,184,3,2,22,64
214,184,4,2,10,62
215,184,6,4,13,68
216,184,4,4,4,106
217,184,10,2,7,103
218,184,4,0,3,62
219,184,2,1,28,105
220,184,5,2,8,74
221,184,5,3,13,108
222,184,3,2,6,33
223,184,5,1,98,71
224,184,4,1,3,68
225,184,1,0,86,87
226,184,7,4,2,48
228,185,1,0,5,45
229,184,2,2,1,57
230,184,5,5,1,59
231,184,3,0,1,29
232,184,5,1,1,83
233,184,3,1,1,64
234,185,3,2,59,30
235,185,5,4,38,63
236,184,7,2,10,18
237,184,2,0,52,51
238,185,2,2,22,110
239,184,5,2,8,46
240,185,3,0,2,5
241,184,6,2,9,16
242,184,1,0,2,56
243,184,6,4,3,38
244,184,1,0,28,70
245,184,4,3,41,64
246,185,7,2,2,62
247,184,6,2,3,15
248,184,9,6,54,15
249,184,2,0,74,29
250,184,5,1,3,6
251,184,6,2,79,63
252,184,6,4,1,38
253,184,2,2,20,78
254,184,9,6,59,6
255,184,6,4,5,6
256,184,4,4,12,75
257,184,8,5,1,78
258,184,4,2,13,105
259,184,4,1,2,74
260,184,6,6,36,82
261,184,1,0,2,56
262,184,9,7,98,49
263,184,8,6,7,53
264,184,6,4,13,68
265,184,7,2,58,3
266,184,4,1,1,17
267,184,1,1,21,13
268,184,3,1,5,67
269,184,3,2,1,81
270,184,2,2,29,73
271,185,2,1,2,63
272,184,4,2,3,3
273,184,5,2,36,64
274,184,4,2,1,87
275,184,6,2,4,6
276,185,7,5,17,60
277,185,7,6,32,93
278,186,6,3,41,62
279,185,5,3,5,30
280,185,6,4,67,64
281,185,7,4,4,38
282,185,7,5,99,38
283,185,9,5,7,63
284,185,5,3,19,30
285,185,3,0,3,64
286,185,11,3,64,6
287,185,7,3,59,73
288,185,3,2,3,64
289,185,4,1,1,71
290,186,4,1,21,15
291,185,7,2,3,90
292,185,4,2,86,38
293,185,5,0,29,15
294,185,5,4,42,63
295,185,2,1,81,43
296,185,4,2,10,78
297,185,1,0,30,14
298,185,9,1,32,20
299,186,3,3,4,73
300,186,1,0,23,25
301,185,5,0,1,37
302,185,6,3,1,63
303,185,6,4,6,63
304,185,3,2,65,68
305,186,3,2,2,13
306,185,1,0,2,56
307,186,3,1,75,29
308,185,9,2,16,62
309,185,4,2,16,68
310,186,2,1,2,77
311,185,7,2,6,1
312,185,2,1,4,70
313,186,6,4,13,68
314,185,8,4,59,68
315,185,2,0,1,73
316,185,8,1,8,98
317,185,3,2,25,87
318,185,7,2,2,12
319,185,4,1,3,105
320,185,3,2,3,64
321,185,4,3,1,10
322,185,4,3,6,64
323,185,5,4,44,112
324,185,8,4,2,6
325,185,3,1,9,56
326,186,4,2,7,65
327,185,3,0,2,38
328,185,9,7,95,48
329,186,5,4,12,70
330,185,3,1,2,103
331,185,6,3,5,64
332,185,7,2,35,68
333,185,12,9,1,6
334,185,7,3,97,83
335,185,6,6,6,79
336,185,4,3,5,29
337,185,10,4,3,50
338,185,4,3,44,18
339,185,1,0,2,56
340,186,5,4,5,78
341,186,5,1,68,14
342,186,5,1,2,51
343,185,7,1,58,56
344,185,3,1,1,90
345,185,3,2,41,30
346,185,4,1,4,62
347,186,3,1,2,105
348,186,6,3,4,101
349,185,6,3,6,12
350,185,5,1,8,85
351,186,8,2,1,11
353,185,4,2,1,62
354,185,5,5,3,108
355,185,3,2,91,46
356,185,5,4,1,69
357,186,3,3,5,23
358,185,3,1,8,50
359,185,3,1,2,13
360,185,7,3,1,105
361,185,3,2,5,14
362,185,2,1,34,30
363,186,4,2,1,62
364,187,3,3,18,13
365,186,2,1,16,90
366,186,6,2,50,98
367,186,6,2,21,30
368,186,3,1,23,64
369,186,4,1,13,105
370,186,6,3,14,38
371,186,4,2,60,64
372,186,8,1,2,24
373,186,4,0,7,64
374,186,5,1,13,17
375,186,6,3,5,6
376,186,15,3,39,103
377,186,5,3,4,108
378,187,5,1,36,15
379,186,6,6,1,63
380,186,6,0,1,46
381,186,5,2,80,38
383,187,7,5,1,50
384,187,1,0,21,13
386,186,3,1,2,105
387,186,3,2,23,64
388,186,2,1,13,18
389,187,7,2,60,87
390,186,4,0,50,64
391,186,4,3,4,53
392,186,2,1,1,2
393,186,6,3,5,105
394,186,10,3,38,38
395,186,6,3,2,20
396,187,9,2,89,64
397,186,10,6,38,38
398,186,2,0,41,39
399,186,5,4,42,68
400,186,2,0,2,63
401,186,7,4,8,70
402,186,4,4,10,104
403,187,2,1,18,63
405,186,2,0,4,87
406,186,2,1,11,35
407,186,5,3,17,112
408,186,5,3,11,68
409,186,8,5,2,64
410,186,7,3,33,13
411,186,3,0,1,64
412,187,4,3,7,66
413,186,7,5,3,30
414,186,8,3,81,38
415,186,5,5,42,110
416,186,5,2,20,62
417,186,2,0,36,18
418,186,6,3,71,38
419,186,5,3,9,81
420,186,9,2,46,62
421,186,10,1,65,24
422,186,5,2,38,87
423,186,9,5,55,6
424,186,7,5,8,6
425,186,4,1,73,113
426,186,6,3,84,101
427,186,4,2,1,21
428,186,4,2,20,39
429,186,6,2,1,38
430,186,3,2,41,26
431,186,5,2,1,35
432,186,5,4,2,32
433,187,7,2,1,14
434,187,2,1,1,73
435,187,5,2,1,68
436,187,9,6,8,52
437,187,7,4,3,30
438,187,3,0,3,65
439,187,4,1,4,15
440,187,9,6,38,70
441,187,3,3,24,56
442,187,6,3,76,13
443,187,3,1,6,56
444,188,6,2,39,64
445,187,1,0,8,30
446,187,7,2,1,101
447,188,3,3,16,6
448,187,6,1,31,14
449,187,7,4,6,18
450,187,9,4,35,112
451,187,8,2,37,64
452,187,6,3,1,38
453,187,6,1,1,45
454,187,10,8,8,21
455,187,2,1,21,29
456,188,5,1,73,45
457,187,6,3,81,13
458,187,11,9,3,113
459,187,4,1,1,62
460,187,8,3,11,64
461,187,6,2,3,71
462,187,8,3,14,6
463,187,7,6,63,48
464,187,3,0,15,24
465,187,5,4,14,82
466,187,6,3,74,38
467,187,6,5,6,63
468,187,2,1,29,56
469,187,5,2,19,51
470,187,7,0,1,24
471,187,6,0,1,45
472,187,5,2,1,15
473,187,7,6,75,105
474,187,4,1,1,62
475,187,5,2,70,38
476,187,9,4,41,112
477,188,6,4,1,38
478,187,7,2,8,45
479,188,5,3,3,112
480,187,2,2,30,63
481,187,8,8,12,94
482,187,6,1,85,3
483,188,4,3,6,64
484,187,7,6,48,69
485,187,5,5,11,86
486,187,4,2,21,38
487,188,2,0,4,109
488,188,5,5,3,108
489,188,6,3,46,73
490,189,11,3,39,38
491,188,5,1,3,102
492,189,7,2,50,38
493,188,3,1,8,100
494,188,7,1,1,20
495,188,6,4,3,87
496,188,8,5,22,30
497,188,4,2,11,105
498,188,4,3,18,7
499,188,6,4,85,28
500,188,3,3,20,38
501,188,4,3,2,41
502,189,5,3,2,7
503,188,6,5,10,25
504,189,4,2,98,70
505,188,7,0,1,24
506,189,3,2,6,81
507,188,6,1,5,87
508,188,6,3,82,85
509,188,5,5,2,47
510,188,4,1,4,62
511,188,2,0,1,73
512,188,2,2,40,64
513,188,4,1,19,16
514,188,8,4,17,63
515,188,2,2,1,67
516,188,3,2,3,32
517,188,6,6,5,79
518,188,10,6,1,113
519,188,8,4,7,6
520,188,6,1,1,13
521,189,3,1,9,74
522,188,7,1,2,45
523,189,6,2,59,70
524,188,3,2,25,44
525,188,5,4,1,56
526,188,3,3,30,38
527,188,5,2,54,51
528,188,6,3,3,38
529,188,9,4,4,48
530,188,7,0,2,45
531,189,7,6,6,47
532,188,7,3,3,39
533,188,10,4,1,18
535,188,4,2,1,109
536,188,6,2,3,38
537,189,4,4,24,25
538,188,4,2,5,7
539,188,5,1,56,67
540,189,8,2,11,101
541,188,5,4,81,21
542,188,7,6,1,101
543,188,3,2,14,98
544,188,7,2,99,38
545,188,3,2,1,29
546,188,8,7,1,78
547,188,7,1,3,90
548,189,8,7,22,82
549,189,4,4,1,108
550,189,5,2,22,15
551,189,8,6,10,63
552,189,7,1,2,45
553,189,3,0,4,20
554,189,3,2,3,56
555,189,8,5,11,64
556,191,4,2,1,108
557,190,3,2,41,29
558,189,5,4,4,105
559,189,7,2,79,101
560,189,1,0,60,56
561,189,5,3,22,83
562,189,5,0,1,56
563,189,6,2,12,6
564,189,3,0,15,83
565,189,4,2,19,23
566,190,4,0,2,16
567,189,3,1,8,105
568,189,3,0,5,111
569,189,3,2,3,56
570,189,3,2,1,7
571,189,8,3,6,101
572,189,3,0,15,73
573,189,7,5,6,68
574,189,5,1,6,14
575,189,5,1,54,65
576,189,4,0,82,62
577,189,3,3,9,70
578,189,5,4,1,43
579,189,4,4,10,51
580,189,3,1,1,77
581,189,5,4,6,104
582,189,4,2,18,64
583,190,6,4,10,87
584,189,1,1,24,63
585,189,4,2,3,68
586,189,6,3,25,68
587,189,6,5,97,64
588,190,3,0,5,24
589,190,4,0,95,71
590,190,6,3,6,63
591,190,1,0,67,15
592,189,5,5,6,43
593,189,1,1,2,30
594,190,5,4,1,91
595,189,7,4,16,63
596,190,5,2,83,20
597,189,4,0,96,103
598,189,7,6,91,72
599,189,8,3,10,10
600,190,7,1,5,2
601,189,5,2,55,70
602,190,1,1,18,25
603,189,9,3,61,101
604,189,3,0,3,56
605,189,4,4,1,104
606,189,2,0,1,100
607,189,7,4,1,14
608,189,5,5,3,25
609,190,3,3,49,38
610,189,6,6,19,9
611,189,15,9,10,68
612,189,2,1,11,30
613,189,3,2,4,63
614,190,7,3,94,37
615,189,4,1,43,98
616,189,2,1,8,54
617,189,6,5,10,5
618,189,5,4,49,105
619,189,4,3,34,7
620,189,8,3,17,103
621,189,5,0,1,56
622,189,4,2,9,53
623,189,2,0,4,24
624,189,5,3,3,6
625,189,5,4,1,15
626,189,5,2,1,56
627,189,11,6,15,6
628,189,5,4,1,15
629,190,3,3,4,78
630,189,7,2,2,67
631,189,4,3,19,7
632,189,3,2,4,63
633,190,3,2,2,17
634,189,4,3,1,108
635,189,4,2,49,63
636,190,8,6,17,63
637,189,5,2,1,15
638,189,5,5,39,110
639,189,4,3,35,5
640,189,4,1,33,25
641,189,2,1,19,105
642,189,4,1,14,24
643,189,6,2,100,87
644,189,1,1,7,56
645,189,3,3,72,18
646,189,5,4,40,70
647,189,7,1,2,54
648,189,2,2,1,26
649,189,6,4,1,38
650,189,7,4,1,1
651,190,3,3,4,78
652,190,6,3,3,38
653,190,4,0,1,62
654,190,7,0,1,24
655,190,7,0,1,24
656,190,8,4,4,103
657,190,4,3,15,14
658,190,7,2,4,38
659,190,7,4,43,67
660,190,2,1,51,56
661,190,6,2,1,5
662,190,6,3,1,30
663,190,4,2,20,29
664,190,8,4,1,78
665,191,6,2,79,72
666,190,8,2,13,70
667,190,6,4,1,9
668,190,7,2,1,20
669,190,4,4,41,81
670,190,3,3,2,38
671,191,6,6,1,63
672,190,5,5,6,43
673,190,8,2,19,28
674,190,2,0,8,56
675,190,4,2,7,64
676,190,5,4,27,4
677,190,4,0,21,103
678,190,3,0,5,24
679,190,5,3,5,38
680,191,8,3,2,24
681,190,1,0,9,3
682,190,5,4,38,63
683,190,3,0,5,62
684,190,6,4,1,38
685,190,4,4,10,27
686,190,8,3,17,61
687,190,3,2,54,56
688,190,2,1,2,87
689,190,3,2,87,80
690,190,4,0,63,45
691,191,12,0,67,103
693,191,3,0,15,45
694,190,3,1,4,17
695,190,7,5,1,105
696,190,4,3,21,38
697,190,4,4,4,110
698,190,7,4,24,38
699,190,6,3,1,30
700,191,1,0,2,56
701,190,4,3,31,109
702,191,9,4,7,83
703,190,6,3,86,68
704,190,4,0,9,45
705,190,6,2,40,6
706,191,7,7,1,101
707,191,2,1,26,105
708,191,7,4,3,30
709,190,9,4,36,30
710,190,5,1,60,68
711,190,5,0,1,68
712,190,6,1,25,71
713,190,8,4,99,39
714,190,7,2,1,50
715,190,9,8,8,108
716,190,6,3,1,38
717,190,4,4,78,93
718,190,3,1,3,56
719,190,5,2,88,70
720,190,4,1,43,32
721,190,7,1,4,68
722,190,5,4,2,113
723,190,2,0,1,67
724,190,5,0,1,56
725,191,5,1,2,29
726,190,7,5,16,5
727,191,5,5,3,104
728,190,5,1,79,87
730,190,3,0,4,45
731,190,5,3,1,79
732,191,5,2,15,30
733,190,7,5,21,7
734,190,4,2,4,64
735,190,3,2,5,62
736,190,9,4,3,73
737,190,3,1,15,105
738,190,5,5,1,4
739,190,6,6,1,5
740,190,6,2,52,68
741,190,6,0,45,62
742,190,4,1,49,13
743,190,5,4,2,47
744,190,2,1,35,24
745,190,5,1,3,18
746,190,3,0,28,73
747,190,10,6,38,38
748,191,10,5,1,113
749,191,6,5,13,53
750,191,5,3,1,56
751,191,5,1,2,83
752,191,2,1,12,64
753,191,2,0,11,24
754,191,3,1,1,29
755,192,6,0,1,45
756,191,4,0,70,24
757,191,5,1,2,83
758,191,4,3,6,5
759,193,7,2,1,97
760,192,5,1,2,102
761,192,8,1,14,61
762,191,3,0,1,96
763,191,6,1,25,6
764,191,5,2,50,68
765,192,11,5,38,111
766,191,4,0,94,45
767,191,7,2,5,71
768,191,9,7,5,47
769,191,11,4,17,97
770,191,5,1,3,5
771,191,1,0,44,105
772,191,5,2,9,18
773,191,6,2,48,64
774,191,3,0,2,17
775,191,2,1,15,29
776,191,5,3,1,68
777,191,7,4,3,42
778,191,5,3,26,29
779,192,5,5,28,106
780,191,8,4,37,64
782,191,11,3,64,62
783,191,6,4,1,9
784,191,3,1,4,30
785,192,8,0,13,45
786,191,1,0,18,29
787,192,5,2,9,18
788,191,2,1,2,63
789,192,3,1,9,30
790,191,6,2,57,56
791,192,4,2,1,17
792,192,7,4,3,20
793,191,4,1,6,64
794,191,3,1,64,29
795,192,4,2,5,29
796,191,5,3,1,56
797,191,5,2,7,18
798,191,6,3,3,74
799,192,7,2,11,38
800,191,8,8,1,78
801,191,5,2,1,83
802,191,7,2,56,87
803,191,4,2,2,74
804,191,10,5,17,87
805,191,1,0,1,93
806,191,3,1,9,6
807,191,6,4,1,38
808,191,6,3,1,13
809,191,7,4,2,88
810,191,5,1,11,63
811,192,4,1,6,64
812,191,8,2,1,70
813,191,5,4,1,59
814,191,4,4,3,80
815,191,5,5,6,104
816,191,3,3,3,32
817,192,4,2,20,13
818,191,5,1,11,63
819,191,8,2,2,24
820,191,5,3,5,38
821,192,10,2,7,74
822,191,10,5,31,51
823,191,4,3,14,67
824,192,6,4,1,63
825,191,2,2,19,105
826,191,3,1,2,17
827,191,6,1,53,74
828,191,4,0,37,45
829,191,5,3,1,35
830,191,5,0,2,15
831,191,10,6,1,113
832,191,4,0,5,56
833,191,3,2,1,81
834,191,5,2,42,14
835,191,6,0,1,102
836,191,6,4,31,30
837,192,3,2,29,51
838,192,5,3,4,105
839,192,7,7,11,108
840,192,5,3,2,26
841,192,5,4,2,32
843,192,6,4,1,63
844,192,5,1,12,3
845,192,6,1,63,39
846,193,4,2,17,35
847,192,6,3,5,105
848,192,6,2,2,112
849,192,10,4,1,113
850,192,2,2,34,22
851,192,6,1,25,71
852,193,7,1,1,1
853,192,1,0,2,56
854,193,6,1,11,56
855,192,7,4,2,67
856,193,4,1,10,14
857,193,2,1,18,71
858,192,6,3,34,63
859,192,2,1,1,22
860,192,5,4,6,14
861,192,6,1,25,71
862,192,11,1,27,24
863,192,4,3,45,63
864,192,7,5,64,81
865,192,4,4,2,78
866,192,3,2,2,105
867,193,6,1,1,102
868,192,2,0,8,15
869,192,5,3,1,56
870,192,4,3,12,43
871,192,6,5,1,63
872,192,2,2,2,14
873,192,9,4,3,79
874,193,5,2,27,67
875,192,4,3,2,25
876,192,5,2,1,68
877,192,4,2,7,38
878,192,3,2,39,60
879,192,6,6,1,63
880,192,4,3,1,108
881,192,4,0,1,62
882,192,5,2,12,71
883,192,4,2,9,15
884,192,7,3,2,68
885,193,6,0,1,13
886,192,7,2,43,15
887,192,6,3,10,50
888,192,4,1,1,62
889,193,5,1,37,68
890,192,7,3,1,14
891,192,2,0,11,35
892,192,8,5,77,41
893,192,5,3,1,110
894,192,8,2,2,64
895,193,5,2,16,15
896,192,6,6,13,110
897,192,4,4,1,104
898,192,3,2,2,5
899,192,5,1,5,30
900,192,8,5,12,68
901,192,7,1,4,68
902,192,1,1,21,45
903,192,6,4,5,82
904,192,5,4,12,70
905,193,7,3,11,38
906,192,4,2,82,38
907,192,2,0,2,63
908,192,7,2,1,24
909,193,7,7,3,43
910,192,5,4,15,64
911,193,3,3,61,68
912,193,3,1,72,5
913,192,7,0,1,24
914,193,9,8,22,69
915,192,4,0,1,87
916,192,6,0,3,15
917,192,2,1,2,63
918,192,3,3,3,47
919,192,2,2,29,73
920,193,3,3,5,21
921,193,6,1,4,31
922,193,7,3,93,6
924,193,9,7,44,110
925,193,4,1,2,61
926,193,4,2,13,105
927,193,7,2,1,97
928,193,2,2,10,80
929,194,5,3,6,13
930,193,6,6,1,94
931,193,6,2,9,46
932,193,6,4,3,38
933,193,5,2,15,87
934,193,7,1,1,85
935,193,3,2,57,15
936,193,6,4,15,26
937,193,4,1,36,71
938,193,3,1,3,67
939,193,4,2,13,105
940,193,7,4,10,28
941,193,9,6,35,101
942,194,4,1,4,62
943,193,8,4,43,18
944,193,1,0,4,96
945,193,2,1,2,14
946,193,5,5,5,101
947,193,5,1,9,57
948,193,2,0,1,57
949,193,6,4,1,38
950,193,6,5,36,82
951,193,4,4,43,75
952,193,5,2,1,68
953,193,10,1,3,85
954,194,4,2,93,13
955,193,6,2,2,50
956,193,5,4,57,79
957,194,7,7,6,80
958,194,8,3,2,64
959,193,5,5,2,1
960,194,5,1,22,62
961,193,4,1,5,112
962,193,5,3,11,73
963,194,3,0,20,98
964,194,8,1,2,24
965,193,4,1,35,23
966,194,8,2,88,56
967,194,5,2,1,56
968,193,8,6,6,101
969,193,4,1,1,62
970,193,7,4,1,101
971,195,5,1,78,103
972,193,3,0,5,24
973,193,2,2,19,35
974,193,3,2,2,105
975,193,10,5,38,38
976,194,5,4,82,26
977,193,3,2,6,38
978,193,2,2,52,25
979,193,4,2,67,109
980,193,6,4,63,9
981,193,2,0,12,64
982,193,4,0,79,24
983,193,7,5,29,54
984,193,6,3,6,30
985,193,4,2,24,81
986,193,5,0,8,24
987,194,6,4,57,25
988,193,14,2,10,103
989,193,4,1,25,103
990,193,5,3,1,79
991,193,1,1,34,81
992,193,8,1,1,103
993,194,3,3,5,21
994,193,6,4,76,106
995,193,5,4,6,43
996,195,8,5,5,88
997,194,1,0,16,25
998,194,10,9,43,59
999,194,11,5,8,101
1000,194,9,5,38,6
1001,194,9,4,35,6
1002,194,1,0,14,79
1003,194,4,2,49,98
1004,194,6,0,3,15
1005,194,4,1,1,62
1006,194,4,2,4,56
1007,194,11,5,39,38
1008,195,4,1,1,71
1009,195,8,5,14,61
1010,195,8,5,10,63
1011,194,7,1,21,24
1012,194,5,2,12,113
1013,195,9,3,48,70
1014,194,6,4,1,38
1015,194,8,2,11,46
1016,194,4,0,44,29
1017,194,2,2,1,40
1018,195,7,2,2,37
1019,194,2,0,8,15
1020,194,1,0,97,17
1021,194,2,0,8,56
1022,194,1,0,69,56
1023,194,5,2,2,15
1024,194,7,5,74,43
1025,195,1,1,28,43
1026,194,3,1,29,62
1027,194,5,2,5,15
1028,195,1,1,8,81
1029,194,5,2,1,15
1030,194,10,4,53,64
1031,194,9,7,2,43
1032,194,3,2,25,87
1033,197,6,3,29,70
1034,194,6,3,1,80
1035,194,3,1,4,30
1036,194,5,2,1,68
1037,195,4,1,4,112
1038,194,8,6,64,112
1039,194,3,3,76,51
1040,194,5,2,32,62
1041,194,5,4,1,56
1042,194,4,4,100,47
1043,194,4,0,91,35
1044,194,6,5,7,78
1045,194,7,7,2,82
1046,195,6,4,1,63
1047,194,8,5,3,16
1048,194,4,3,1,17
1049,198,3,1,11,45
1050,194,7,5,7,9
1051,194,12,6,1,6
1052,194,6,3,77,15
1053,195,2,2,8,64
1054,195,2,2,15,29
1055,195,3,3,13,82
1056,195,2,2,6,86
1057,195,7,0,1,1
1058,195,4,0,45,105
1059,197,2,1,22,68
1060,195,8,7,22,30
1061,196,4,0,16,68
1062,196,6,5,34,108
1063,195,2,0,6,96
1064,195,9,5,8,38
1065,195,7,1,38,20
1066,196,4,4,1,21
1067,195,7,2,3,46
1068,195,7,3,52,15
1069,195,4,3,45,32
1070,195,9,5,8,29
1071,195,2,0,26,64
1072,195,7,6,33,108
1073,195,4,0,1,10
1074,196,5,2,7,16
1075,195,6,2,13,103
1076,195,7,5,3,101
1077,195,6,0,54,24
1078,195,3,3,24,7
1079,195,12,5,1,6
1080,195,5,2,98,38
1081,195,5,5,3,108
1082,195,2,1,1,67
1083,195,9,7,10,101
1084,195,5,2,10,17
1085,195,7,5,2,82
1086,195,7,3,46,63
1087,196,8,5,11,64
1088,196,9,7,61,38
1089,195,3,1,1,64
1090,195,3,0,20,68
1091,196,3,0,5,24
1092,195,3,0,3,56
1093,195,1,0,21,67
1094,195,5,2,1,15
1095,196,5,3,17,20
1096,196,8,3,11,112
1097,195,8,1,1,103
1098,195,6,5,74,7
1099,195,7,3,23,68
1100,195,5,2,22,62
1101,195,7,6,77,108
1102,195,3,1,2,38
1103,195,3,0,8,14
1104,195,1,0,4,96
1105,195,6,4,2,101
1106,195,3,0,9,56
1107,195,6,5,4,79
1108,195,8,6,18,35
1109,195,4,2,90,6
1110,196,5,3,1,35
1111,196,2,0,28,20
1112,195,4,3,26,39
1113,196,4,2,7,64
1114,196,8,4,58,113
1115,197,5,3,22,70
1116,196,6,6,13,110
1117,197,7,2,1,20
1118,196,5,3,3,6
1119,198,5,4,77,14
1120,196,3,3,3,89
1121,196,5,4,17,16
1122,196,5,4,2,73
1123,196,6,4,37,112
1124,196,3,1,5,14
1125,197,5,2,15,110
1126,196,7,2,13,20
1127,196,1,1,21,113
1128,196,2,1,2,36
1129,196,3,1,8,62
1130,196,6,1,43,45
1131,196,8,3,26,98
1132,197,6,2,2,96
1133,196,4,1,2,99
1134,196,5,2,1,68
1135,196,2,0,29,56
1136,196,6,2,14,38
1137,197,5,3,28,38
1138,196,8,7,17,4
1139,196,5,0,1,66
1140,196,2,0,98,56
1141,196,9,4,7,63
1142,196,2,0,2,14
1143,196,7,1,2,68
1144,196,3,2,5,89
1145,196,2,1,2,63
1146,196,4,1,13,105
1147,196,5,0,34,45
1148,196,5,3,6,87
1149,196,6,1,4,67
1150,196,3,1,26,13
1151,196,4,4,11,87
1152,196,4,2,4,29
1153,196,8,2,39,65
1154,196,3,2,39,84
1155,196,6,0,1,45
1156,196,7,2,2,68
1157,196,5,1,18,98
1158,196,6,5,1,5
1159,197,3,2,41,29
1160,196,4,3,21,5
1161,197,4,1,97,62
1162,196,7,4,1,1
1163,196,6,3,3,38
1164,196,6,5,7,78
1165,196,6,6,4,104
1166,197,5,2,38,107
1167,196,8,5,14,68
1168,196,5,4,43,82
1169,196,3,2,96,52
1170,196,5,3,66,104
1171,196,3,1,35,56
1172,196,2,2,78,7
1173,196,4,4,33,82
1174,196,6,2,12,14
1175,196,9,8,78,34
1176,196,9,7,1,106
1177,196,4,2,100,13
1178,196,4,3,1,108
1179,197,6,2,2,101
1180,196,5,3,3,6
1181,196,5,1,20,64
1182,196,11,3,7,13
1183,196,3,3,23,43
1184,197,8,7,1,78
1185,196,7,2,2,71
1186,196,4,4,2,78
1187,196,5,3,7,18
1188,196,7,5,12,60
1189,196,5,4,2,47
1190,197,5,5,38,60
1191,196,7,3,3,101
1192,196,1,1,2,56
1193,196,6,0,1,102
1194,197,5,5,3,104
1195,197,1,1,31,91
1196,196,2,1,14,17
1197,197,8,2,13,87
1198,196,7,4,1,14
1199,196,3,3,9,6
1200,196,10,2,5,98
1201,196,4,1,1,62
1202,196,1,1,3,60
1203,196,5,3,3,18
1204,196,6,4,1,53
1205,196,5,1,20,63
1206,196,3,1,9,56
1208,197,6,2,4,6
1209,196,6,4,25,104
1210,197,4,2,3,68
1211,197,5,3,38,87
1212,197,5,4,1,110
1213,196,2,1,99,87
1214,196,6,3,11,6
1215,196,7,3,1,105
1216,197,5,2,11,42
1217,197,7,4,1,105
1218,197,7,5,9,27
1219,198,6,2,65,98
1220,197,4,2,8,32
1221,197,6,6,6,63
1222,197,5,4,29,63
1223,197,5,0,12,70
1224,198,1,1,42,15
1225,197,5,1,1,15
1226,197,6,5,1,30
1227,197,3,2,2,38
1228,198,3,2,22,81
1229,197,3,0,1,64
1230,198,4,1,42,105
1231,197,9,7,33,94
1232,197,5,1,6,29
1233,197,8,3,24,105
1234,198,9,3,15,20
1235,197,7,4,8,6
1236,197,3,3,1,7
1237,197,2,1,2,14
1238,197,6,1,36,62
1239,197,6,4,1,89
1240,197,3,1,2,13
1241,198,4,1,1,62
1242,198,8,3,40,73
1243,197,3,3,12,106
1244,197,5,2,2,7
1245,197,3,3,5,44
1246,197,6,3,5,87
1247,197,5,3,4,105
1248,197,9,4,6,6
1249,197,6,2,11,56
1250,197,5,3,1,56
1251,198,9,5,89,64
1252,197,8,4,13,22
1253,197,6,4,65,18
1254,198,2,1,9,4
1255,197,5,5,13,108
1256,197,5,5,3,104
1257,198,1,0,2,98
1258,197,9,2,4,44
1259,198,4,1,5,29
1260,197,5,3,21,33
1261,197,3,3,19,89
1262,197,6,3,1,19
1263,197,3,3,61,30
1264,198,8,6,2,108
1265,197,4,2,36,51
1266,197,7,3,16,3
1267,197,3,3,74,82
1268,197,7,4,35,72
1269,197,5,3,2,7
1270,197,5,3,6,14
1271,197,2,1,63,51
1272,197,2,2,6,91
1273,197,2,2,94,28
1274,197,6,5,1,58
1275,197,3,1,9,96
1276,197,9,6,35,18
1277,197,7,4,43,38
1278,197,4,1,60,64
1279,197,2,2,8,90
1280,198,6,1,12,6
1281,197,4,2,50,87
1282,197,5,3,3,66
1283,197,7,3,48,68
1284,197,8,3,14,39
1285,197,3,1,44,51
1286,197,3,1,10,82
1287,197,6,5,30,80
1288,197,3,0,66,42
1290,197,4,0,9,45
1291,197,2,0,62,56
1292,197,4,1,12,24
1293,197,6,3,56,68
1294,197,4,4,1,104
1295,197,10,5,27,68
1296,197,2,0,16,56
1297,197,5,4,69,81
1298,197,4,3,1,17
1299,197,3,1,11,71
1300,197,7,4,10,13
1301,197,4,1,4,64
1302,197,2,0,4,24
1303,197,4,1,86,45
1304,197,7,3,33,101
1305,197,3,3,1,111
1306,198,9,7,4,48
1307,197,4,0,9,11
1308,197,5,2,32,13
1309,197,2,1,29,38
1310,197,6,4,1,63
1311,197,4,1,20,37
1312,197,4,3,39,104
1313,197,4,3,1,109
1314,197,3,2,23,64
1315,198,6,0,25,6
1316,198,4,2,3,62
1317,198,7,2,2,62
1318,199,3,2,24,92
1319,199,2,1,3,29
1320,199,5,3,1,92
1321,198,5,2,2,29
1322,198,3,3,2,38
1323,198,4,4,1,108
1324,198,3,2,24,87
1325,198,8,3,13,64
1326,198,2,0,16,56
1327,198,5,0,1,56
1328,198,5,2,20,105
1329,198,7,1,64,68
1330,198,4,0,1,71
1331,198,6,5,1,30
1332,198,5,4,1,59
1333,199,7,3,8,68
1334,198,2,0,5,51
1335,198,7,6,19,80
1336,198,8,5,11,64
1337,198,4,1,1,25
1338,198,2,2,85,88
1339,198,6,2,7,87
1340,198,4,1,2,79
1341,198,8,5,6,101
1342,198,6,3,18,68
1343,199,5,1,1,68
1344,198,4,1,100,82
1345,199,7,4,51,112
1346,198,2,1,11,24
1347,198,3,1,83,56
1348,198,4,2,1,17
1349,198,3,3,6,81
1350,198,1,0,15,68
1351,198,6,3,3,87
1352,198,9,5,7,70
1353,198,3,0,4,30
1354,198,3,1,70,56
1355,198,8,7,2,108
1356,198,5,5,1,4
1357,198,4,3,4,15
1358,198,3,3,23,112
1359,199,6,1,32,103
1360,198,4,2,13,44
1361,198,6,3,61,75
1362,198,2,2,44,25
1363,198,3,1,25,87
1364,199,3,2,54,56
1365,198,3,3,3,64
1366,198,2,1,1,67
1367,198,6,0,1,46
1368,198,8,1,19,87
1369,198,1,0,2,30
1371,198,6,3,11,3
1372,198,3,2,25,78
1373,198,3,0,6,24
1374,198,7,6,2,27
1375,198,4,1,7,64
1376,198,2,1,15,43
1377,199,8,4,95,64
1378,198,5,1,33,74
1379,198,11,6,90,112
1380,198,7,3,77,100
1381,200,8,3,2,66
1382,198,4,1,4,16
1383,199,7,3,27,9
1384,198,5,5,14,91
1385,198,2,0,17,62
1386,198,4,4,1,108
1387,198,5,2,1,68
1388,198,6,5,26,28
1389,198,3,2,4,5
1390,198,3,0,15,45
1391,198,4,3,20,29
1392,198,6,3,1,38
1393,198,4,1,2,11
1394,198,11,5,46,68
1395,198,5,3,20,90
1396,198,3,0,5,62
1397,198,2,0,4,70
1398,198,5,4,1,91
1399,198,5,1,31,112
1400,198,11,4,51,101
1401,198,2,1,3,29
1402,199,8,8,5,43
1403,199,6,2,1,102
1404,201,5,2,9,103
1405,200,3,0,6,45
1406,199,3,3,3,64
1407,199,4,0,38,45
1409,199,7,5,88,38
1410,199,1,0,15,68
1411,199,8,1,2,24
1412,199,7,4,4,38
1413,199,3,0,5,61
1414,200,7,4,17,68
1415,199,4,3,1,25
1416,199,1,0,2,56
1417,200,6,4,1,53
1418,199,8,4,2,9
1419,199,4,2,86,62
1420,204,2,1,1,72
1421,199,4,3,13,106
1422,199,7,6,7,104
1423,199,6,2,10,105
1424,199,6,3,16,100
1425,199,3,2,3,81
1426,199,6,2,20,67
1427,200,9,9,2,43
1428,200,5,2,27,33
1429,199,4,0,33,56
1430,200,1,0,5,45
1431,199,5,5,1,59
1432,200,4,3,13,111
1433,199,7,1,1,24
1434,199,5,1,51,38
1435,199,3,3,42,75
1436,199,7,0,2,45
1437,199,5,4,3,108
1438,199,3,2,31,1
1439,199,7,2,3,17
1440,199,3,0,2,18
1441,199,8,4,81,81
1442,199,4,3,15,71
1443,199,5,4,42,1
1444,199,6,3,6,70
1445,199,7,4,3,46
1446,199,7,1,4,68
1447,199,6,5,23,82
1448,199,4,2,33,46
1449,199,11,7,41,53
1450,199,6,5,1,82
1451,199,4,2,10,61
1452,199,4,4,22,43
1453,199,3,2,87,64
1455,200,5,0,5,103
1456,200,6,2,1,63
1457,199,9,3,5,68
1458,199,4,3,2,25
1459,199,5,2,2,26
1460,199,4,1,6,83
1461,199,2,0,74,56
1462,199,5,1,3,6
1463,199,4,1,3,45
1464,200,7,4,1,101
1465,199,5,0,1,56
1466,199,3,2,91,51
1467,199,5,3,2,113
1468,199,5,5,4,108
1469,199,7,6,2,23
1470,199,7,3,2,68
1471,200,3,1,1,51
1472,199,8,4,1,48
1473,199,4,4,29,108
1474,199,4,4,1,47
1475,199,5,2,2,81
1476,199,7,2,27,80
1477,199,5,3,2,7
1478,199,6,5,1,9
1479,199,5,2,1,15
1480,199,6,5,1,80
1481,200,8,4,1,78
1482,199,3,1,35,42
1483,199,3,1,2,103
1484,199,4,2,59,88
1485,199,5,0,4,37
1486,200,7,5,1,101
1487,199,5,3,16,112
1488,200,5,4,7,81
1489,200,4,3,27,78
1490,200,5,3,1,4
1491,200,3,1,3,56
1492,200,4,1,1,62
1493,201,5,5,37,47
1494,200,3,1,5,62
1495,200,8,4,33,62
1496,200,4,1,9,15
1497,200,6,5,3,13
1498,200,4,3,21,32
1499,201,4,4,12,108
1500,200,4,4,43,75
1501,200,8,1,93,16
1502,200,5,4,21,60
1503,200,5,4,26,106
1504,200,7,3,62,6
1505,201,8,4,14,6
1506,200,6,2,14,38
1507,201,7,5,1,14
1508,200,2,0,16,56
1509,200,2,2,11,5
1510,200,3,2,3,56
1511,200,6,2,16,73
1512,200,10,8,8,21
1513,200,2,1,46,28
1514,200,3,2,6,49
1515,200,3,2,2,18
1516,201,6,3,1,53
1517,200,7,4,15,5
1518,201,7,1,9,62
1519,200,1,1,88,108
1520,200,3,3,8,25
1521,200,3,0,2,13
1522,200,6,2,1,13
1523,200,6,5,35,63
1524,200,2,0,1,100
1525,200,3,1,6,38
1526,200,5,3,33,84
1527,200,1,0,8,30
1528,201,5,1,82,105
1529,200,5,1,52,102
1530,200,3,3,1,32
1531,200,4,4,15,14
1532,200,5,4,34,21
1533,200,5,3,12,70
1534,200,9,6,3,79
1535,201,6,4,1,9
1536,200,5,5,3,88
1537,200,7,0,1,24
1538,200,2,1,3,26
1539,200,3,1,4,72
1540,200,5,1,21,62
1541,200,5,4,1,56
1542,200,3,0,2,13
1543,200,3,3,3,89
1544,200,6,2,11,81
1545,200,2,2,3,26
1546,200,3,3,1,32
1547,200,7,5,4,26
1548,201,6,2,30,29
1549,200,7,3,1,105
1550,201,6,3,1,63
1551,200,8,6,1,70
1552,200,7,3,17,50
1553,200,2,1,26,64
1554,201,5,1,11,68
1555,200,2,2,1,27
1556,200,4,0,25,13
1557,200,5,3,1,35
1558,200,4,2,18,83
1559,200,5,4,56,27
1560,200,1,1,65,56
1561,200,3,0,9,13
1562,201,5,3,2,57
1563,201,2,2,2,36
1564,201,4,1,4,62
1565,201,5,2,1,68
1566,201,6,1,5,20
1567,201,7,2,4,68
1568,201,4,1,11,11
1570,201,9,5,31,38
1571,202,5,3,43,101
1572,201,7,1,11,38
1573,201,5,3,3,6
1574,202,3,0,4,35
1575,201,8,6,19,79
1576,201,3,3,45,25
1577,202,5,2,56,109
1578,202,3,1,15,45
1579,201,3,3,5,81
1580,201,7,5,1,105
1581,202,6,3,5,6
1582,201,6,2,83,15
1583,201,7,1,25,98
1584,201,8,5,14,68
1585,201,7,4,1,105
1586,201,8,3,2,6
1587,201,9,3,43,20
1588,201,4,2,1,17
1589,201,3,2,3,64
1590,201,5,2,44,74
1591,201,7,5,43,92
1592,202,9,5,57,64
1593,202,1,1,30,43
1594,201,6,4,1,63
1595,201,5,2,22,70
1596,201,5,3,16,19
1597,201,2,1,9,98
1598,201,4,3,5,25
1599,201,6,2,2,50
1600,201,10,3,1,98
1601,201,4,3,88,42
1602,201,7,4,84,82
1603,201,5,5,4,108
1604,201,4,2,1,25
1605,201,7,3,16,38
1606,202,6,0,1,45
1607,202,6,3,27,51
1608,201,4,1,2,79
1609,201,3,2,1,64
1610,201,9,2,5,12
1611,201,1,0,4,92
1612,201,4,4,1,47
1613,201,10,2,11,52
1614,201,2,1,2,87
1615,201,2,1,2,36
1616,201,4,2,21,15
1617,202,6,4,7,35
1618,202,5,4,6,25
1619,202,2,2,52,9
1620,202,5,2,22,70
1621,202,9,2,8,79
1622,202,4,1,4,16
1623,202,4,2,6,42
1624,202,5,2,1,68
1625,202,4,3,92,104
1626,202,4,2,18,7
1627,202,4,0,2,11
1628,202,2,1,9,98
1629,202,1,0,57,71
1630,203,4,1,60,64
1631,202,6,2,3,13
1632,202,4,1,5,112
1633,202,6,4,32,64
1634,202,11,5,6,15
1635,203,3,1,14,80
1636,203,6,5,1,58
1637,202,8,2,13,87
1638,202,6,1,45,62
1639,202,5,2,3,6
1640,202,3,2,20,38
1641,202,6,4,15,9
1642,202,7,2,6,71
1643,202,6,4,5,87
1644,202,8,4,91,101
1645,203,3,0,4,45
1646,202,6,4,23,82
1647,202,6,1,1,46
1649,202,6,4,35,26
1650,202,3,3,10,82
1651,203,9,2,16,62
1652,202,4,3,3,68
1653,202,6,5,1,63
1654,202,6,5,1,63
1655,202,6,3,3,82
1656,202,3,1,41,30
1657,203,5,3,1,59
1658,202,6,4,1,38
1660,202,6,0,92,56
1661,202,1,1,1,93
1662,202,4,1,69,13
1663,202,4,2,4,15
1664,202,3,1,11,20
1665,202,4,0,1,62
1666,202,3,0,1,60
1667,202,7,4,3,53
1668,202,9,2,3,103
1669,202,6,5,1,63
1670,202,7,5,9,112
1671,202,4,1,49,29
1672,202,6,2,94,6
1673,202,7,6,33,112
1674,202,7,2,1,50
1675,202,3,0,1,44
1676,202,8,3,7,53
1677,202,1,1,90,63
1678,202,3,2,4,78
1679,203,1,1,66,67
1680,203,8,7,1,28
1681,203,3,2,1,90
1682,203,7,7,67,91
1683,203,3,2,52,81
1684,203,5,5,43,82
1685,203,11,10,20,108
1686,203,3,1,6,67
1687,203,3,1,2,38
1688,203,4,0,9,45
1689,204,5,3,1,68
1690,203,9,6,11,88
1691,203,6,1,11,6
1692,203,6,4,18,68
1693,203,2,0,29,56
1694,203,6,5,85,47
1695,203,8,8,7,80
1696,203,4,4,82,86
1697,204,7,6,6,62
1698,204,7,4,1,105
1699,203,3,1,1,81
1700,204,7,7,2,27
1701,203,3,1,1,64
1702,203,6,6,3,58
1703,204,4,0,3,45
1704,203,6,6,1,94
1705,203,2,2,1,88
1706,203,3,3,10,106
1707,203,6,1,2,2
1708,203,4,3,40,112
1709,203,7,4,1,14
1710,203,5,3,100,70
1711,204,3,3,28,9
1712,203,2,1,80,24
1713,204,9,6,2,110
1715,203,4,1,10,26
1716,203,7,4,5,80
1718,203,5,1,9,51
1719,203,1,0,54,70
1720,203,3,3,48,98
1721,203,5,3,4,88
1722,203,4,4,49,63
1723,203,6,2,23,6
1724,203,1,1,16,25
1725,203,7,2,8,68
1726,203,4,0,79,64
1727,203,5,4,52,49
1728,204,2,2,7,106
1729,203,6,5,2,107
1730,203,10,6,5,36
1731,203,6,0,9,16
1732,203,5,2,1,56
1733,203,9,8,1,106
1734,203,3,3,3,81
1735,203,8,4,2,6
1736,203,4,1,37,56
1737,203,3,2,1,7
1738,203,6,2,1,30
1739,203,2,1,1,72
1740,203,5,5,5,104
1741,203,4,1,14,5
1742,203,6,2,2,96
1743,203,4,4,1,108
1744,203,5,3,2,73
1745,203,2,2,1,67
1746,203,6,2,3,111
1747,203,2,2,9,8
1748,203,3,0,19,56
1749,203,10,7,64,64
1750,203,5,3,19,43
1751,203,3,1,17,67
1752,203,8,3,2,6
1753,203,6,5,1,53
1754,203,8,6,1,70
1755,203,4,2,24,81
1756,203,4,3,10,111
1757,203,3,3,5,86
1758,203,2,0,28,74
1759,203,3,2,1,81
1760,203,7,0,1,85
1761,203,3,2,91,46
1762,203,6,1,55,13
1763,203,5,1,1,68
1764,203,1,0,2,30
1765,203,3,3,20,80
1766,204,3,2,2,91
1767,203,2,0,1,67
1768,203,6,3,3,15
1769,203,2,2,10,77
1770,203,7,1,28,68
1771,203,6,1,3,71
1772,203,8,4,2,6
1773,203,3,1,1,29
1774,203,7,4,3,30
1775,203,8,3,5,13
1776,204,4,1,48,17
1777,203,7,3,25,98
1778,203,5,5,1,35
1779,204,2,2,1,26
1780,204,3,2,4,7
1781,203,3,0,1,51
1782,203,3,3,48,38
1783,203,8,7,5,48
1784,203,12,5,1,6
1785,203,3,2,3,81
1786,204,6,4,10,30
1787,204,6,3,1,30
1788,205,5,2,9,44
1789,204,7,3,71,24
1790,205,7,2,62,6
1791,204,7,1,3,24
1792,204,3,3,6,35
1793,204,2,0,9,76
1794,204,4,4,12,108
1795,204,5,4,4,41
1796,204,2,1,99,102
1797,205,7,5,2,82
1798,204,4,3,6,69
1799,205,7,2,97,13
1800,204,7,3,24,68
1801,204,5,3,6,9
1802,204,6,4,6,63
1803,205,9,6,10,38
1804,204,4,2,63,60
1805,205,4,1,5,56
1806,204,1,1,57,104
1807,204,7,5,5,80
1808,204,2,1,12,77
1809,204,2,2,3,29
1810,204,7,2,4,38
1811,204,2,0,5,51
1812,204,9,5,92,9
1813,204,6,3,1,63
1814,205,2,2,28,14
1815,204,4,2,1,25
1816,204,4,2,6,100
1817,204,5,3,2,59
1818,204,9,4,3,79
1819,204,5,3,2,92
1820,204,12,6,1,6
1821,204,6,2,45,103
1822,204,6,6,1,5
1823,204,2,1,4,66
1824,204,4,1,7,14
1825,204,5,3,60,75
1826,204,3,2,2,42
1827,204,4,2,12,23
1828,204,6,1,24,24
1829,204,6,0,27,51
1830,204,3,1,3,63
1831,205,5,3,2,92
1832,204,5,2,23,5
1833,204,7,1,1,24
1834,204,6,4,13,110
1835,204,5,4,1,69
1836,204,2,2,2,63
1837,204,3,2,5,81
1838,204,6,5,1,9
1839,204,3,1,1,51
1840,204,6,1,6,98
1841,204,5,0,60,103
1842,204,2,2,48,25
1843,204,1,0,21,63
1844,204,7,2,1,20
1845,204,2,1,21,22
1846,204,3,1,1,90
1847,204,3,3,79,68
1848,204,6,2,10,15
1849,204,6,2,3,12
1850,204,4,0,16,45
1851,204,3,2,1,77
1852,204,5,2,39,17
1853,205,5,3,6,51
1854,204,1,0,2,56
1855,204,4,4,3,35
1856,204,8,0,1,103
1857,204,7,6,63,7
1858,204,7,2,1,105
1859,204,3,2,52,63
1860,205,5,4,2,47
1861,204,7,6,58,94
1862,204,7,1,7,24
1863,204,6,5,1,80
1864,204,3,2,46,37
1865,204,8,2,12,68
1866,204,5,4,100,9
1867,204,3,0,24,103
1868,204,5,1,2,73
1869,205,2,1,7,106
1870,204,6,2,26,56
1871,204,4,1,15,71
1872,204,6,1,31,2
1873,204,6,5,1,82
1874,204,12,7,1,6
1875,204,3,3,10,106
1876,204,4,4,12,108
1877,204,3,0,1,29
1878,204,2,0,4,70
1879,205,7,4,8,6
1880,205,8,2,39,45
1881,205,8,7,30,82
1882,205,5,1,1,56
1883,205,6,3,15,63
1884,205,1,0,30,43
1885,205,12,11,17,104
1886,205,3,0,3,63
1887,205,5,4,2,7
1888,205,4,1,3,3
1889,205,8,6,27,64
1890,206,1,1,14,112
1891,205,6,6,68,106
1892,205,5,0,36,45
1893,205,8,5,59,51
1894,205,8,7,7,80
1895,206,4,3,71,7
1896,207,3,3,7,58
1897,205,1,0,2,56
1898,205,3,1,17,113
1899,205,3,2,19,56
1900,205,10,7,29,49
1901,205,6,2,3,15
1902,205,3,2,19,107
1903,205,8,4,39,20
1904,205,7,7,3,86
1905,205,2,1,1,26
1906,205,5,2,1,56
1907,205,5,2,83,51
1908,205,4,1,21,5
1909,205,4,4,1,21
1910,205,5,1,51,100
1911,205,5,3,7,77
1912,205,7,2,8,68
1913,206,10,5,17,12
1914,205,10,5,1,113
1915,205,3,2,3,96
1916,205,5,5,1,92
1917,206,3,2,30,38
1918,205,7,6,54,35
1919,205,2,2,71,86
1920,206,6,4,1,63
1921,206,3,2,29,26
1922,206,9,9,1,106
1923,206,6,4,16,9
1924,206,3,1,8,105
1926,205,8,2,61,87
1927,205,5,3,63,59
1928,205,6,3,32,64
1929,206,6,3,3,13
1930,206,3,3,12,104
1931,205,1,0,15,68
1932,206,5,4,11,53
1933,205,6,3,7,23
1934,205,5,3,18,8
1935,206,5,4,86,69
1936,206,6,5,11,81
1937,205,6,4,13,38
1938,205,7,2,2,68
1939,205,4,4,100,25
1940,205,4,3,34,101
1941,205,4,0,3,45
1942,205,4,2,23,9
1943,205,7,2,2,62
1944,205,10,4,1,98
1945,205,5,3,2,75
1946,206,6,4,1,38
1947,205,4,3,5,7
1948,205,3,0,8,103
1949,205,5,0,77,45
1950,205,5,5,3,25
1951,205,6,4,34,108
1952,206,3,0,18,105
1953,205,7,2,7,51
1954,206,1,0,2,56
1955,205,5,3,1,39
1956,205,7,4,1,14
1957,205,8,6,7,80
1958,207,3,2,1,51
1959,205,1,1,11,97
1960,205,9,7,1,106
1961,205,8,5,10,63
1962,205,6,6,7,78
1963,205,6,5,61,89
1964,206,7,6,64,59
1965,206,5,5,30,7
1966,205,6,1,3,71
1967,205,8,3,67,113
1968,205,9,5,46,79
1969,205,2,0,2,63
1970,206,4,3,5,29
1971,206,8,3,1,70
1972,206,6,3,1,38
1973,206,5,2,1,56
1974,206,5,2,1,66
1975,207,5,4,54,29
1976,206,6,3,1,38
1977,206,7,3,1,105
1978,206,1,0,2,56
1979,206,7,3,1,101
1980,206,5,2,1,68
1981,206,3,3,2,5
1982,207,5,0,7,111
1983,206,5,1,6,29
1984,206,8,5,39,47
1985,206,11,5,3,113
1986,206,12,10,95,79
1987,206,4,1,5,63
1988,207,7,5,15,78
1989,206,3,1,2,105
1990,206,6,5,28,64
1991,206,6,4,1,63
1992,206,4,0,2,100
1993,206,3,3,3,109
1994,206,5,1,1,68
1995,206,5,5,6,9
1996,206,8,4,96,70
1997,206,5,3,18,15
1998,206,3,1,54,13
1999,206,3,1,2,38
2000,207,4,2,7,101
2001,206,5,2,2,15
2002,207,2,1,13,18
2003,206,6,0,14,73
2004,207,2,1,8,80
2005,206,3,2,1,81
2006,206,6,4,76,63
2007,206,3,2,3,81
2008,206,3,3,24,56
2009,206,3,2,6,56
2010,206,6,6,20,104
2011,206,5,4,8,106
2012,206,4,1,4,15
2013,207,2,1,21,43
2014,206,6,4,56,91
2015,206,5,4,1,4
2016,206,3,0,4,63
2017,206,4,2,2,65
2018,206,2,1,29,105
2019,206,5,2,1,83
2020,206,5,2,42,68
2021,206,5,2,1,56
2022,206,10,6,1,18
2023,206,4,3,1,25
2024,206,2,1,11,43
2025,206,5,1,24,71
2026,207,3,0,12,45
2027,206,5,1,2,15
2028,206,7,0,40,96
2029,206,5,5,4,108
2030,207,8,4,2,64
2031,206,9,5,2,110
2032,206,6,6,1,80
2033,207,4,4,14,110
2034,207,6,4,1,63
2035,206,6,6,6,30
2036,207,9,8,2,43
2037,206,5,5,18,107
2038,206,5,3,15,87
2039,207,10,9,5,108
2040,206,4,3,1,47
2041,206,4,4,5,17
2042,206,2,2,9,58
2043,206,4,3,69,35
2044,206,6,5,1,16
2045,206,4,3,6,26
2046,206,3,2,4,35
2047,206,5,4,8,49
2048,206,5,2,71,17
2049,206,4,3,95,9
2050,206,5,3,6,25
2051,207,5,2,14,13
2052,206,6,1,17,24
2053,206,9,7,99,107
2054,206,7,3,3,30
2055,206,7,2,2,39
2056,206,3,1,3,63
2057,207,5,4,6,90
2058,207,3,3,20,7
2059,207,4,4,1,104
2060,207,4,4,9,113
2061,207,9,4,11,50
2062,207,9,4,31,103
2063,207,6,5,1,82
2064,207,2,2,57,43
2065,207,8,2,19,33
2066,207,2,1,2,87
2067,208,6,6,2,84
2068,207,9,5,15,112
2069,207,2,1,4,66
2070,207,6,4,28,89
2071,208,9,6,8,38
2072,207,7,3,4,38
2073,208,6,2,4,9
2074,207,5,2,11,22
2075,207,6,4,34,84
2076,207,6,0,1,46
2077,207,5,0,19,17
2078,207,3,1,20,68
2079,207,7,2,10,97
2080,208,6,4,1,38
2081,207,9,7,3,79
2082,208,5,3,2,47
2083,207,6,4,2,107
2084,207,6,3,71,15
2085,208,5,2,2,57
2086,207,2,1,11,5
2087,207,5,4,44,47
2088,207,7,2,5,18
2089,207,4,2,42,105
2090,207,3,1,16,29
2091,207,7,1,27,13
2092,207,5,3,21,19
2093,207,3,1,5,14
2094,207,2,1,21,70
2095,207,8,5,50,101
2096,207,6,2,4,12
2097,207,5,3,83,79
2098,207,6,3,98,63
2099,208,9,3,87,103
2100,207,4,1,50,87
2101,207,9,5,10,38
2102,207,8,1,2,64
2103,207,5,1,1,35
2104,207,6,6,5,5
2105,208,5,3,13,9
2106,207,1,0,7,56
2107,207,3,2,95,86
2108,207,5,5,4,108
2109,207,6,2,1,19
2110,207,6,4,94,7
2111,207,4,1,14,1
2112,207,9,5,3,73
2113,207,3,0,2,13
2114,207,4,1,1,71
2115,207,4,2,13,26
2116,207,8,0,1,103
2117,208,5,2,5,1
2118,207,7,2,5,18
2119,207,1,0,21,45
2120,207,9,6,92,9
2121,207,5,1,1,68
2122,207,2,2,30,13
2123,207,3,0,3,109
2124,208,6,2,2,101
2125,208,5,3,2,1
2126,207,4,2,38,62
2127,207,3,2,34,8
2128,208,6,2,24,3
2129,208,7,5,38,43
2130,208,3,3,5,21
2131,208,5,1,77,18
2132,208,4,2,78,68
2133,208,4,2,52,105
2134,208,5,4,23,108
2135,208,3,1,1,81
2136,208,8,4,2,64
2137,209,3,3,2,38
2138,208,12,6,1,6
2139,208,2,1,1,2
2140,208,9,7,17,81
2141,209,4,1,1,62
2142,208,4,3,8,7
2143,208,12,8,1,49
2144,208,2,2,25,108
2145,208,5,0,1,68
2146,208,3,2,24,20
2147,208,3,0,1,29
2148,208,5,4,42,14
2149,208,8,1,22,45
2150,208,5,1,7,77
2151,208,2,1,33,15
2152,208,5,2,1,35
2153,208,6,4,2,58
2154,209,10,2,3,85
2155,208,5,2,1,68
2156,208,1,0,2,30
2157,208,8,3,48,97
2158,209,9,7,61,38
2159,209,5,0,17,56
2160,208,6,6,43,12
2161,208,5,2,38,29
2162,208,3,1,3,63
2163,208,4,3,12,108
2164,208,4,0,2,46
2165,208,4,2,2,16
2166,208,5,2,1,83
2167,208,5,4,13,108
2168,208,5,4,14,81
2169,208,6,5,95,35
2170,208,4,4,1,108
2171,208,6,4,1,38
2172,208,5,3,58,6
2173,208,7,2,1,14
2174,209,3,1,1,44
2175,208,4,1,2,79
2176,208,5,3,52,92
2177,208,8,3,7,6
2178,208,6,2,5,79
2179,209,5,4,1,79
2180,209,3,2,1,29
2181,208,5,1,15,87
2182,209,8,1,1,103
2183,208,8,3,27,64
2184,209,5,4,2,47
2185,209,8,3,17,30
2186,210,5,1,6,20
2187,209,1,1,52,86
2188,210,9,7,3,27
2189,209,5,0,3,52
2190,209,8,5,14,39
2191,209,4,2,1,61
2192,209,11,6,19,113
2193,209,4,2,2,61
2194,209,2,0,13,37
2195,209,2,1,1,27
2196,209,9,7,1,106
2197,209,2,0,97,29
2198,209,3,3,1,86
2199,210,3,1,1,29
2200,209,6,2,39,13
2201,210,7,1,37,83
2202,209,6,5,12,84
2203,209,4,0,7,14
2204,209,7,2,9,64
2205,210,3,3,7,17
2206,209,5,5,13,104
2208,209,7,4,16,38
2209,209,3,2,2,38
2210,209,3,0,15,70
2211,209,5,4,34,43
2212,209,6,1,1,12
2213,209,8,4,3,14
2214,209,5,4,1,43
2215,209,9,6,8,79
2216,210,5,4,18,107
2217,209,4,2,47,95
2218,209,7,4,1,105
2219,209,4,3,38,81
2220,209,5,2,1,56
2221,209,3,2,1,77
2222,209,4,1,1,87
2223,210,6,3,1,38
2224,209,5,4,7,25
2225,209,9,2,48,70
2226,209,6,4,1,80
2227,209,7,5,5,60
2228,209,5,1,6,17
2229,209,5,2,6,87
2230,209,1,0,86,29
2231,209,4,2,20,25
2232,209,1,1,99,104
2233,209,3,3,12,104
2234,209,2,0,5,100
2235,209,3,0,3,56
2236,209,7,7,2,86
2237,210,3,3,22,86
2238,209,1,1,13,74
2239,210,1,1,4,96
2240,209,3,0,3,109
2241,210,3,3,3,89
2242,209,4,2,52,112
2243,209,11,4,7,13
2244,209,3,2,28,81
2245,209,4,2,64,19
2246,210,6,5,60,104
2247,209,6,4,13,49
2248,210,6,2,6,30
2249,210,2,2,89,96
2250,210,7,6,5,53
2251,211,5,2,23,13
2252,210,2,1,30,81
2253,210,3,1,2,5
2254,210,5,2,3,18
2255,210,6,2,1,63
2256,210,6,2,1,13
2257,210,3,1,5,62
2258,210,5,4,20,32
2259,210,10,2,1,98
2260,211,5,4,2,81
2261,210,10,5,1,113
2262,210,3,3,2,5
2263,210,3,3,2,94
2264,210,5,0,10,96
2265,210,6,3,13,103
2266,210,5,5,1,43
2267,211,4,1,1,71
2268,210,5,5,1,43
2269,210,4,4,2,25
2270,210,4,2,37,96
2271,210,3,0,1,44
2272,210,4,0,3,45
2273,210,6,3,3,12
2274,210,4,2,7,38
2275,210,5,3,15,79
2276,211,6,1,3,87
2277,210,3,1,52,63
2278,211,6,4,12,6
2279,210,9,3,8,38
2280,210,7,1,56,56
2281,210,5,4,7,81
2282,211,5,5,1,92
2283,211,4,3,60,35
2284,210,12,6,1,6
2285,210,8,8,5,94
2286,210,7,1,29,9
2287,210,5,4,1,110
2288,210,4,0,53,45
2289,210,5,2,15,64
2290,210,4,4,1,47
2291,210,6,1,6,70
2292,210,5,2,37,39
2293,210,5,4,12,113
2294,210,4,0,1,71
2295,211,5,2,9,92
2296,210,1,1,24,63
2297,210,5,4,12,81
2298,210,5,2,2,15
2299,211,5,3,1,68
2300,210,1,1,3,4
2301,210,6,2,1,13
2302,211,8,5,6,48
2303,211,5,3,18,53
2304,210,6,3,53,26
2305,210,6,5,3,37
2306,211,4,1,38,62
2307,210,6,3,1,53
2308,210,5,1,72,105
2309,210,5,4,7,25
2310,211,7,4,17,68
2311,210,6,6,6,63
2312,210,2,1,1,88
2313,211,4,0,2,74
2314,210,3,2,8,62
2315,211,7,1,1,24
2316,210,6,3,2,96
2317,210,3,2,2,5
2318,210,4,2,4,80
2319,210,10,5,1,98
2320,210,1,1,15,104
2321,210,4,0,36,24
2322,211,3,3,49,19
2323,210,4,2,14,26
2324,210,6,2,2,50
2325,211,4,1,1,87
2326,210,8,1,15,98
2327,210,9,2,53,38
2328,211,3,3,1,111
2329,210,4,2,3,68
2330,210,4,3,1,61
2331,210,4,3,8,13
2332,210,6,4,1,63
2333,210,4,1,30,85
2334,210,7,5,10,109
2335,210,9,9,2,43
2336,210,2,2,3,84
2337,210,4,3,37,72
2338,210,7,1,38,103
2339,210,7,2,1,24
2340,210,8,3,14,15
2341,210,10,6,1,18
2343,210,8,8,35,94
2345,210,4,3,8,75
2346,210,9,5,15,112
2347,211,6,4,1,9
2348,211,7,4,1,85
2349,212,8,4,76,6
2350,211,2,1,4,70
2351,212,3,0,8,14
2352,211,1,1,2,56
2353,211,6,4,59,108
2354,211,3,2,4,5
2355,211,1,0,2,30
2356,211,4,2,96,63
2357,212,6,4,4,25
2358,211,4,3,41,80
2359,212,3,3,6,81
2360,211,2,1,76,70
2361,211,7,6,44,79
2362,211,8,7,10,63
2363,211,3,0,48,98
2364,211,1,0,7,56
2365,211,6,3,9,78
2366,211,10,1,7,103
2367,211,5,4,3,6
2368,212,11,3,1,54
2369,211,8,7,15,7
2370,211,7,5,5,53
2371,211,6,1,66,65
2372,211,4,4,4,106
2373,211,8,6,1,28
2375,211,2,0,4,24
2376,212,6,5,9,78
2377,212,3,1,15,24
2378,211,7,6,9,112
2379,211,5,1,14,33
2380,211,5,1,29,68
2381,211,4,4,3,80
2382,211,7,1,9,1
2383,211,8,1,15,103
2384,212,7,2,1,105
2385,211,7,6,34,47
2386,211,4,4,2,25
2387,211,4,2,14,56
2388,212,4,2,25,63
2389,211,6,6,4,104
2390,212,11,3,78,70
2391,211,4,0,4,2
2392,212,3,3,6,7
2393,212,7,2,6,68
2394,211,3,3,7,19
2395,211,7,5,91,6
2396,211,5,2,47,6
2397,211,4,3,17,35
2398,211,2,1,48,86
2399,211,7,3,38,48
2400,211,1,0,6,66
2401,211,5,3,1,35
2402,211,1,0,66,67
2403,211,5,2,4,90
2404,211,8,1,28,15
2405,212,5,5,9,92
2406,211,3,1,8,11
2407,211,7,5,16,63
2408,211,7,5,2,82
2409,211,7,6,74,25
2410,211,5,3,14,12
2411,211,9,3,10,9
2412,211,9,6,38,70
2413,212,2,2,14,106
2414,211,6,4,26,25
2415,211,5,2,11,68
2416,211,8,8,2,108
2417,212,4,2,1,17
2418,211,5,5,33,59
2419,212,3,1,9,13
2420,211,4,2,60,35
2421,211,3,1,1,81
2422,212,2,1,46,81
2423,211,4,2,7,89
2424,211,8,4,28,66
2425,211,6,3,23,82
2426,211,5,4,11,80
2427,211,5,4,19,91
2428,211,5,2,8,16
2429,211,2,1,4,89
2430,212,2,1,8,64
2431,211,1,0,49,16
2432,211,5,4,3,112
2433,211,3,1,4,18
2434,211,3,1,15,45
2435,211,5,2,1,68
2436,211,5,2,1,79
2437,212,5,2,39,14
2438,213,7,3,6,62
2439,212,5,4,1,43
2440,213,5,1,5,83
2441,212,5,2,20,64
2442,212,3,0,3,97
2443,213,4,2,43,63
2444,212,7,7,21,27
2445,212,2,2,31,108
2446,212,6,4,6,60
2447,212,9,6,1,106
2448,213,7,4,9,27
2449,212,6,6,27,104
2450,212,2,0,1,2
2451,212,4,1,49,61
2452,212,5,4,3,25
2453,212,4,1,23,70
2454,212,2,1,94,25
2455,213,5,3,4,21
2456,212,3,0,2,5
2457,212,4,0,84,29
2458,212,7,3,3,101
2459,212,1,1,21,81
2460,212,8,5,7,41
2461,213,5,5,11,26
2462,212,2,1,14,106
2463,212,4,1,25,18
2464,212,9,6,2,110
2465,213,1,1,36,5
2466,212,6,2,37,70
2467,212,4,1,11,87
2468,213,6,6,1,82
2469,213,2,2,30,32
2470,212,2,0,33,24
2471,212,2,0,1,72
2472,212,5,4,7,82
2473,212,9,4,27,107
2474,212,2,0,1,100
2475,212,5,3,3,19
2476,213,3,2,1,81
2477,212,3,2,6,81
2478,213,4,1,38,81
2479,212,7,1,1,24
2480,212,5,4,2,75
2481,213,3,0,5,67
2482,212,5,5,41,94
2483,212,3,1,9,6
2484,212,1,0,2,56
2485,212,6,5,1,63
2486,212,3,2,6,56
2487,212,4,2,8,112
2488,212,10,5,1,113
2489,213,2,2,29,28
2490,212,1,0,12,16
2491,212,8,8,61,108
2492,212,3,2,1,81
2493,212,7,1,4,68
2494,212,7,2,35,12
2495,212,1,1,28,6
2496,213,5,2,4,50
2497,212,2,1,1,26
2498,212,5,0,36,45
2499,212,3,1,33,64
2500,212,5,3,2,51
2501,212,5,3,16,14
2502,212,2,1,4,43
2503,213,8,8,67,104
2504,212,5,5,97,78
2505,213,3,2,95,72
2506,214,6,6,15,26
2507,212,3,1,4,18
2508,213,2,2,1,67
2509,212,4,3,9,38
2510,212,7,5,17,82
2511,212,5,1,3,72
2512,212,4,4,8,26
2513,213,3,1,5,9
2514,213,1,1,24,63
2515,212,6,2,1,45
2516,213,5,4,12,80
2517,213,8,1,2,64
2518,212,7,2,10,18
2519,212,3,3,13,86
2520,212,4,4,6,78
2521,212,10,4,1,18
2522,213,6,3,1,89
2523,213,5,4,10,108
2524,213,7,5,1,105
2525,213,3,1,23,24
2526,213,7,5,11,38
2527,213,5,3,26,107
2528,213,8,4,63,63
2529,213,1,0,48,74
2530,213,7,5,61,82
2531,213,4,0,4,56
2532,213,5,1,3,5
2533,213,3,1,8,62
2534,214,4,2,47,73
2535,213,2,1,9,9
2536,214,3,3,3,56
2537,213,5,5,3,25
2538,213,6,4,38,80
2539,213,3,1,73,46
2540,214,5,3,14,81
2541,213,6,6,33,104
2542,213,9,3,8,61
2543,213,7,7,7,86
2544,213,6,0,10,105
2545,214,5,2,12,3
2546,213,7,1,2,62
2547,213,11,4,46,68
2548,213,5,0,1,15
2549,214,5,4,7,25
2550,213,9,5,8,61
2551,213,6,5,42,21
2552,213,6,2,11,81
2553,213,3,1,64,45
2554,213,2,1,2,63
2555,213,5,2,12,1
2556,213,1,0,2,56
2557,213,5,2,1,56
2558,213,4,4,1,47
2559,213,5,5,1,91
2560,213,3,2,80,28
2561,213,4,3,34,7
2562,213,5,2,4,37
2563,213,7,5,10,28
2564,213,5,2,26,38
2565,214,5,4,5,93
2566,213,9,4,57,64
2567,213,4,3,77,94
2568,213,3,2,6,35
2569,213,4,4,12,108
2570,213,3,2,1,51
2571,213,5,2,1,15
2572,213,3,1,9,56
2573,213,3,3,5,21
2574,213,2,2,13,61
2575,213,6,3,41,2
2576,213,6,1,6,30
2577,214,4,2,61,35
2578,213,6,3,54,25
2579,213,6,5,23,40
2580,213,3,0,15,105
2581,213,5,3,1,68
2582,213,6,5,4,25
2583,213,6,4,1,5
2584,213,6,6,4,104
2585,213,3,1,67,87
2586,214,7,1,1,24
2587,213,9,7,2,80
2588,213,2,0,1,27
2589,213,4,0,16,13
2590,213,2,2,1,40
2591,213,3,0,4,45
2592,213,7,4,74,25
2593,213,3,1,1,64
2594,213,7,5,1,101
2595,213,10,3,12,62
2596,214,6,1,13,68
2597,213,5,3,21,78
2598,213,4,1,38,62
2599,213,5,5,2,81
2600,213,4,2,3,61
2601,213,7,6,35,110
2602,213,3,3,2,94
2603,214,2,1,13,18
2604,214,4,2,15,38
2605,214,4,1,4,29
2606,214,7,2,43,25
2607,214,6,4,9,7
2608,215,7,5,3,53
2609,214,10,4,3,50
2610,214,3,2,45,113
2611,214,7,3,7,90
2612,214,3,0,1,111
2613,215,2,1,18,43
2614,214,1,0,5,45
2615,214,2,0,1,100
2616,214,6,3,54,107
2617,214,3,2,1,81
2618,214,8,6,17,4
2619,214,6,6,45,104
2620,214,7,4,35,9
2621,214,10,10,24,75
2622,215,8,4,2,6
2623,214,9,5,2,49
2624,214,6,2,14,38
2625,214,4,1,42,56
2626,214,6,5,95,15
2627,214,4,1,29,72
2628,214,9,1,75,6
2629,214,4,1,72,61
2630,214,6,3,1,38
2631,214,3,1,25,87
2632,214,4,3,52,105
2633,214,5,5,64,104
2634,214,4,2,13,62
2635,214,4,4,32,4
2636,214,3,2,1,107
2637,214,5,5,94,106
2638,214,6,1,31,13
2639,215,7,4,2,69
2640,214,5,1,2,15
2641,214,6,1,31,83
2642,215,7,4,4,68
2643,214,6,3,4,25
2644,214,8,5,43,27
2645,215,3,1,71,85
2646,214,6,2,31,19
2647,214,7,3,7,9
2648,215,7,1,21,12
2649,215,7,1,5,70
2650,214,7,4,11,28
2651,215,8,5,55,55
2652,214,1,0,21,13
2653,214,3,2,4,61
2654,214,7,6,2,27
2655,214,5,4,48,78
2656,214,3,3,1,51
2657,214,8,6,9,82
2658,215,7,4,2,88
2659,214,3,2,7,17
2660,214,7,3,1,1
2661,214,4,1,64,103
2662,214,5,3,5,35
2663,214,14,7,38,14
2664,214,2,1,12,74
2665,215,3,2,1,60
2666,214,2,1,1,73
2667,215,8,7,39,80
2668,214,3,1,1,81
2669,215,7,1,4,38
2670,214,2,1,50,26
2671,214,5,3,2,89
2672,215,5,3,19,112
2673,214,7,5,59,110
2674,214,4,1,10,71
2675,214,6,5,1,80
2676,216,3,3,6,81
2677,215,8,6,26,75
2678,215,5,2,11,73
2679,215,9,8,1,106
2680,215,3,2,3,81
2681,215,3,1,3,47
2682,215,8,8,46,94
2683,215,3,0,15,83
2684,215,6,3,13,53
2685,215,3,2,2,38
2686,215,7,2,1,1
2687,215,10,4,68,67
2688,215,5,4,50,112
2689,215,7,5,2,23
2690,215,7,4,35,32
2691,215,3,1,3,67
2692,215,4,1,39,63
2693,215,5,4,2,81
2694,216,8,6,2,6
2695,215,8,6,1,28
2696,215,4,2,2,53
2697,215,5,4,2,29
2698,215,4,3,6,69
2699,215,5,5,29,19
2700,215,3,3,37,26
2701,215,8,6,1,28
2702,215,4,1,1,87
2703,216,6,3,7,87
2704,215,7,2,5,76
2705,215,5,2,83,67
2706,215,4,3,33,110
2707,215,5,4,2,15
2708,215,2,0,1,100
2709,215,6,4,5,79
2710,215,8,2,3,9
2711,215,5,3,72,75
2712,216,8,1,2,24
2713,216,5,3,81,50
2714,215,5,0,76,67
2715,215,6,2,87,54
2716,215,6,3,58,103
2717,216,4,1,14,56
2718,215,3,3,27,108
2719,215,7,1,2,68
2720,216,7,5,6,55
2721,215,1,0,44,38
2722,216,3,2,62,81
2723,215,6,4,5,79
2724,216,7,2,1,97
2725,215,5,3,48,6
2726,215,2,1,11,110
2727,215,2,2,18,43
2728,215,5,1,4,46
2729,215,1,0,3,4
2730,215,6,2,7,15
2731,216,3,2,83,29
2732,217,4,3,28,26
2733,216,6,3,59,87
2734,216,6,2,1,80
2735,216,8,4,74,64
2736,217,6,3,75,18
2737,216,7,2,10,112
2738,217,5,5,29,4
2739,216,5,4,1,35
2740,216,3,2,42,35
2741,216,3,1,93,76
2742,216,9,6,77,112
2744,216,4,0,9,15
2745,217,7,7,2,40
2746,217,4,3,17,106
2747,216,5,3,1,110
2748,216,7,5,20,75
2749,217,3,1,1,32
2750,217,6,3,1,16
2751,216,5,4,87,68
2752,217,5,5,3,104
2753,216,5,3,10,17
2754,216,6,5,1,63
2755,216,4,4,1,108
2756,216,7,4,57,1
2757,217,6,5,4,47
2758,216,7,4,6,103
2759,216,1,1,7,100
2760,217,5,3,17,92
2761,216,8,1,7,67
2762,216,6,3,53,109
2763,216,3,3,29,106
2764,216,11,2,4,1
2765,216,4,1,4,64
2766,216,2,0,92,29
2767,216,3,3,1,107
2768,216,4,1,43,103
2769,216,7,1,1,101
2770,216,4,0,2,61
2771,216,6,1,2,33
2772,217,7,3,5,46
2773,216,3,2,5,111
2774,216,5,2,32,71
2775,216,4,1,75,82
2776,217,4,4,34,7
2777,216,6,2,1,38
2779,216,7,0,4,38
2780,216,4,3,1,21
2781,217,2,1,18,45
2782,216,5,4,52,93
2783,216,3,2,28,81
2784,216,7,2,28,31
2785,216,3,1,18,56
2786,216,5,1,1,35
2787,216,3,2,1,81
2788,216,5,3,51,62
2789,216,4,3,2,25
2790,216,3,2,6,35
2791,216,4,3,60,92
2792,216,4,0,18,85
2793,217,7,6,27,80
2794,217,3,1,3,96
2795,218,4,1,7,64
2796,217,1,0,2,56
2797,217,4,2,2,79
2798,217,5,3,38,7
2799,217,5,2,8,49
2800,217,7,5,32,80
2801,217,4,2,95,26
2802,217,7,6,22,7
2803,218,7,4,93,30
2804,217,9,8,11,88
2805,217,5,5,1,92
2806,217,8,5,10,63
2807,217,7,0,2,45
2808,217,5,0,1,15
2809,218,4,3,1,108
2810,217,2,1,42,87
2811,218,6,2,11,56
2812,217,3,1,2,111
2813,217,4,2,16,81
2814,217,3,0,25,100
2815,217,5,2,63,37
2816,217,4,2,1,62
2817,217,7,3,6,71
2818,217,6,5,52,75
2819,217,2,0,4,97
2820,217,6,3,1,89
2821,217,3,2,1,64
2822,217,3,3,29,82
2823,217,2,0,1,27
2824,217,1,1,25,25
2825,217,2,2,3,26
2826,217,6,5,7,50
2827,218,7,1,2,62
2828,217,6,1,40,24
2829,217,6,1,59,13
2830,217,6,4,10,7
2831,217,11,8,39,92
2832,217,8,0,51,24
2833,217,3,1,14,90
2834,218,3,2,58,92
2835,217,6,0,41,24
2836,217,4,2,33,5
2837,217,4,4,1,108
2838,217,3,1,49,79
2839,217,7,3,1,101
2840,218,12,2,1,6
2841,218,3,3,7,19
2842,217,4,4,43,60
2843,217,5,4,61,79
2844,217,5,1,1,56
2845,218,4,2,7,101
2846,217,6,4,2,101
2847,217,4,4,1,108
2848,217,6,6,15,9
2849,217,4,0,55,16
2850,217,3,0,3,97
2851,217,4,2,2,79
2852,217,2,1,79,30
2853,217,3,1,39,15
2854,217,6,6,78,94
2855,218,5,5,6,104
2856,218,8,4,32,15
2857,217,6,4,6,63
2858,218,3,2,2,18
2859,217,9,7,42,57
2860,217,3,3,1,107
2861,217,4,1,8,13
2862,217,2,1,56,96
2863,217,2,1,2,14
2864,218,4,4,9,104
2865,217,7,4,3,53
2866,218,5,3,2,1
2867,218,5,3,96,9
2868,217,3,0,3,64
2869,217,3,3,18,108
2870,217,5,2,1,56
2871,217,8,4,2,9
2872,217,3,2,5,9
2873,217,9,6,35,101
2874,217,6,5,33,53
2875,217,4,4,17,106
2876,218,6,3,7,29
2877,217,4,3,2,79
2878,218,7,4,4,26
2879,218,3,0,4,14
2880,217,3,3,28,108
2881,217,1,1,4,8
2882,217,13,12,14,108
2883,217,3,3,13,25
2884,217,6,4,12,14
2885,217,3,0,9,6
2886,217,4,3,1,21
2887,217,4,3,2,25
2888,217,2,1,70,88
2889,218,5,4,2,81
2890,217,6,3,21,111
2891,217,4,0,1,17
2892,217,6,3,1,13
2893,217,3,3,5,21
2894,218,5,1,1,83
2895,217,8,1,74,62
2896,218,6,0,2,101
2897,218,5,1,93,15
2898,218,7,2,2,62
2899,218,8,4,22,28
2900,219,3,1,2,38
2901,218,3,3,5,27
2902,218,3,1,2,13
2903,218,3,1,53,72
2904,218,5,3,3,19
2905,219,2,2,1,26
2906,218,2,2,1,84
2907,218,5,3,37,63
2908,218,2,2,31,43
2909,218,5,1,19,96
2910,219,3,3,2,17
2911,219,3,2,15,80
2912,218,4,4,3,80
2913,218,3,1,16,6
2914,219,4,3,49,60
2915,219,6,6,10,43
2916,218,11,10,20,108
2917,220,4,3,5,7
2918,218,7,2,1,105
2919,218,10,5,43,87
2920,218,6,6,20,43
2921,218,4,3,37,81
2922,218,9,3,35,6
2923,220,5,5,35,92
2924,218,11,7,4,1
2925,218,5,3,1,79
2926,218,6,4,82,13
2927,218,5,3,33,38
2928,218,6,5,1,80
2929,219,3,3,65,81
2930,218,5,1,12,70
2931,218,3,1,4,78
2932,218,6,2,20,71
2933,218,3,3,8,104
2934,218,6,5,10,59
2935,218,7,5,1,14
2936,218,5,5,1,110
2937,218,5,5,19,43
2938,218,10,5,38,38
2939,218,7,5,11,28
2940,219,4,1,5,17
2941,218,5,1,2,89
2942,218,3,3,1,86
2943,219,5,0,2,102
2944,218,9,6,2,43
2945,218,8,3,95,64
2946,218,7,7,35,104
2947,219,3,2,20,38
2948,219,5,1,2,29
2949,218,6,3,90,16
2950,219,5,1,5,50
2951,218,6,2,32,64
2952,219,6,2,1,53
2953,218,3,3,5,21
2954,218,4,3,1,25
2955,218,9,2,7,46
2956,218,3,3,6,81
2957,219,2,2,40,84
2958,218,3,2,29,26
2959,218,1,0,45,50
2960,218,8,1,2,64
2961,218,2,0,4,24
2962,218,5,5,3,104
2963,218,5,4,6,9
2964,218,8,5,12,68
2965,218,6,2,2,10
2966,218,3,1,1,7
2967,218,7,3,1,101
2968,218,2,1,2,87
2969,218,2,1,2,63
2970,218,7,3,80,6
2971,218,3,3,51,13
2972,219,8,8,58,108
2973,220,5,0,85,56
2974,218,4,3,3,61
2975,219,4,1,1,87
2976,218,4,2,54,18
2977,218,5,1,28,111
2978,218,8,6,7,41
2979,219,5,5,55,108
2980,218,3,2,4,94
2981,218,5,4,58,80
2982,218,3,0,5,62
2983,218,8,6,2,108
2984,218,3,2,2,5
2985,218,5,1,82,105
2986,219,6,3,36,26
2987,219,5,2,31,7
2988,218,7,1,86,98
2989,218,3,2,1,29
2990,218,7,7,2,27
2991,219,5,5,2,113
2992,220,5,2,20,62
2993,219,2,0,4,24
2994,219,2,1,1,73
2995,219,6,4,16,9
2996,219,5,2,1,37
2997,219,5,1,7,18
2998,219,7,6,5,80
2999,219,4,3,20,25
3000,220,3,1,1,107
3001,220,5,2,16,15
3002,219,6,2,12,107
3003,219,3,1,25,87
3004,219,5,1,19,2
3005,219,8,4,19,92
3006,220,3,1,29,62
3007,220,5,4,15,59
3008,220,12,5,1,6
3009,219,5,0,10,45
3010,219,5,2,22,63
3011,219,6,0,35,29
3012,219,3,2,8,103
3013,220,5,2,33,21
3014,219,4,3,7,64
3015,219,5,3,9,43
3016,219,5,2,15,64
3017,219,2,1,3,26
3018,219,4,1,50,60
3019,219,3,3,24,7
3020,219,5,2,2,83
3021,220,6,5,35,80
3022,219,11,6,8,101
3023,220,4,1,5,29
3024,219,6,2,1,13
3025,219,2,2,50,79
3026,219,13,9,5,107
3027,221,2,1,11,43
3028,220,8,6,7,59
3029,219,3,1,5,62
3030,219,5,4,1,79
3031,219,5,4,1,91
3032,219,5,2,5,15
3033,219,3,1,1,64
3034,220,5,2,55,96
3035,219,3,1,14,80
3036,220,6,4,7,35
3037,220,5,0,10,42
3038,219,7,5,71,78
3039,219,7,0,3,83
3040,219,4,4,23,89
3041,219,5,2,1,65
3042,219,4,3,1,47
3043,219,8,2,1,70
3044,219,3,1,24,103
3045,219,4,4,20,25
3046,220,5,2,55,70
3047,219,3,2,1,29
3048,219,5,4,1,75
3049,219,9,9,1,106
3050,219,3,3,1,29
3051,219,7,6,36,55
3052,220,7,2,2,68
3053,219,2,1,11,12
3054,219,8,2,1,28
3055,219,6,3,1,9
3056,220,4,1,1,17
3057,220,2,1,10,110
3058,220,1,0,2,98
3059,219,2,0,87,25
3060,220,4,2,12,23
3061,219,4,3,12,59
3062,219,5,1,4,21
3063,219,6,4,1,80
3064,219,5,5,3,108
3065,220,4,1,34,46
3066,219,3,2,6,81
3067,220,4,2,49,61
3068,219,4,4,39,108
3069,219,6,5,10,89
3070,219,4,0,1,87
3071,219,7,2,3,17
3072,219,5,5,2,81
3073,219,4,4,1,104
3074,219,2,1,13,37
3075,219,6,3,11,48
3076,219,9,6,2,49
3077,219,4,1,13,105
3078,219,6,4,1,16
3079,220,3,2,6,67
3080,220,3,2,25,101
3081,220,3,0,64,45
3082,220,4,1,54,26
3083,220,4,4,6,5
3084,220,4,3,2,60
3085,220,3,3,1,107
3086,220,7,7,25,7
3087,221,6,3,13,53
3088,220,7,2,10,6
3089,220,4,3,36,28
3090,221,3,1,6,109
3091,220,4,2,2,25
3092,221,4,0,2,100
3093,220,4,2,17,38
3094,221,5,3,2,22
3095,221,5,2,12,111
3096,220,7,2,30,15
3097,220,4,0,3,62
3098,220,2,1,1,2
3099,220,2,0,1,100
3100,220,3,1,2,5
3101,220,2,2,42,107
3102,221,6,4,2,107
3103,220,4,4,13,43
3104,220,4,2,63,100
3105,220,3,0,1,64
3106,220,4,2,25,56
3107,220,5,5,30,7
3108,220,7,1,43,110
3109,221,10,8,1,18
3110,221,4,3,90,82
3111,221,3,2,39,35
3112,220,3,2,4,73
3113,220,8,8,86,104
3114,220,5,2,1,15
3115,220,3,0,1,96
3116,220,4,3,4,80
3117,221,6,6,19,104
3118,220,3,3,29,51
3119,220,5,2,73,109
3120,220,9,6,71,26
3121,220,8,7,61,21
3122,220,6,4,1,30
3123,220,1,1,18,29
3124,220,7,4,1,101
3125,220,3,1,2,105
3126,220,4,3,24,43
3127,220,6,5,1,82
3128,220,8,2,35,3
3129,220,5,1,1,15
3130,220,4,0,12,56
3131,221,7,6,2,82
3132,220,1,0,2,30
3133,220,5,1,14,33
3134,220,5,2,26,68
3135,220,2,0,41,66
3136,220,2,1,9,90
3137,221,7,5,40,61
3138,220,2,2,23,81
3139,220,5,5,3,108
3140,220,3,1,1,60
3141,221,7,4,6,68
3142,220,4,3,1,25
3143,220,6,2,1,38
3144,220,5,1,1,56
3145,220,3,1,3,64
3146,221,6,2,1,16
3147,220,6,4,8,94
3148,220,5,1,1,56
3149,220,2,2,10,80
3150,221,1,1,24,63
3151,220,7,4,31,28
3152,220,2,2,25,21
3153,220,6,2,3,13
3154,220,10,7,100,21
3155,221,6,1,5,87
3156,220,9,5,93,107
3157,220,5,1,3,18
3158,220,3,2,6,49
3159,220,5,2,2,29
3160,220,1,0,24,18
3161,220,3,1,2,38
3162,220,2,0,4,70
3163,221,2,0,12,25
3164,220,2,0,2,63
3165,221,3,2,22,18
3166,220,3,1,1,81
3167,221,4,2,4,39
3168,221,9,6,8,79
3169,222,5,2,6,111
3170,221,4,0,5,56
3171,221,5,4,97,27
3172,222,2,2,3,84
3173,221,8,2,19,87
3174,221,3,3,26,104
3175,221,7,6,3,107
3176,221,5,3,14,92
3177,221,8,8,2,108
3178,221,2,1,29,67
3179,221,4,2,9,38
3180,222,4,1,18,50
3181,222,4,2,1,25
3182,221,6,5,6,63
3183,221,6,2,3,54
3184,221,4,2,22,29
3185,221,5,4,100,113
3186,221,5,3,1,4
3187,221,3,1,43,5
3188,221,9,1,78,62
3189,221,7,1,6,62
3190,221,6,3,20,71
3192,221,2,2,9,9
3193,221,6,5,17,80
3194,221,3,2,3,81
3195,221,5,2,34,21
3196,222,2,2,11,106
3197,221,7,2,7,9
3198,221,8,5,49,110
3199,221,5,3,13,39
3200,221,6,4,1,80
3201,222,7,1,19,103
3202,221,3,1,2,38
3203,221,5,1,1,56
3204,221,4,2,7,101
3205,221,6,3,1,19
3206,221,4,0,9,45
3207,221,5,2,72,37
3208,222,7,1,11,18
3209,221,7,3,2,68
3210,221,7,5,29,53
3211,221,4,2,1,25
3212,221,9,6,2,80
3213,221,5,1,1,15
3214,221,9,7,6,53
3215,221,4,2,3,62
3216,222,4,2,11,105
3217,221,3,2,6,81
3218,222,4,3,2,19
3219,221,7,3,6,68
3220,221,5,5,9,43
3221,221,3,3,4,61
3222,221,4,0,3,62
3223,221,4,4,1,21
3224,221,5,0,1,15
3225,221,8,5,3,28
3226,221,4,3,100,82
3227,221,4,4,32,4
3228,221,6,3,2,96
3229,221,2,0,14,45
3230,221,2,2,4,81
3231,221,7,2,1,105
3232,221,6,4,61,89
3233,222,11,7,8,101
3234,221,4,1,7,89
3235,222,5,3,15,30
3236,222,6,4,6,63
3237,222,4,2,3,68
3238,222,2,1,4,81
3239,222,6,4,46,49
3240,223,3,2,4,113
3241,222,7,3,2,69
3242,222,5,4,2,15
3243,222,8,5,47,80
3244,222,6,2,4,9
3245,222,5,2,72,103
3246,222,7,4,19,103
3247,223,5,5,44,86
3248,222,2,2,4,81
3249,222,6,2,11,56
3250,222,6,5,44,92
3251,222,3,1,5,61
3252,222,4,3,42,43
3253,222,6,6,77,80
3254,222,3,0,7,33
3255,222,4,4,34,106
3256,223,4,3,12,9
3257,222,6,2,19,97
3258,222,1,0,1,93
3259,222,5,1,3,11
3260,222,9,8,26,82
3261,222,6,4,1,53
3262,222,8,6,38,101
3263,223,6,4,2,21
3265,222,3,0,34,64
3266,222,6,5,4,6
3267,222,5,5,36,7
3268,223,6,3,23,6
3269,222,2,0,1,84
3270,222,4,1,7,101
3271,222,6,3,13,80
3272,222,3,1,22,103
3273,222,4,2,6,64
3274,222,2,1,73,64
3275,222,4,4,8,26
3276,222,2,0,2,77
3277,223,2,2,15,43
3278,222,9,6,1,106
3279,222,7,4,49,1
3280,222,5,2,2,89
3281,222,8,2,2,24
3282,222,5,2,39,17
3283,222,8,8,2,108
3284,222,6,5,5,79
3285,222,7,2,67,68
3286,222,7,7,16,91
3287,222,3,1,11,71
3288,222,7,4,27,9
3289,222,4,4,9,104
3290,222,4,4,4,4
3291,222,4,3,3,35
3292,223,5,4,1,35
3293,223,3,1,48,38
3294,223,4,4,7,79
3295,223,10,6,1,18
3296,223,9,6,5,47
3297,223,2,1,43,7
3298,223,5,4,2,32
3299,223,3,1,2,13
3300,223,4,1,58,38
3301,224,10,9,5,108
3303,223,3,3,98,78
3304,224,2,2,11,106
3305,224,3,2,13,25
3306,224,2,1,2,63
3307,223,2,2,8,110
3308,223,5,1,39,17
3309,223,3,3,4,73
3310,223,7,5,2,27
3311,223,4,2,3,35
3312,223,5,5,17,112
3313,224,4,1,6,97
3314,223,5,0,82,105
3315,224,3,0,3,56
3316,223,5,2,80,39
3317,223,5,3,7,25
3318,223,4,1,13,14
3319,223,4,3,59,32
3320,223,6,4,1,80
3321,223,3,2,1,81
3322,224,4,4,2,25
3323,223,6,2,8,71
3324,224,7,2,2,62
3325,223,4,0,84,64
3326,224,2,1,2,14
3327,224,6,5,1,82
3328,223,5,3,98,81
3329,223,6,2,4,9
3330,224,5,0,1,68
3331,224,1,1,18,39
3332,223,5,5,1,79
3333,223,3,1,4,13
3334,223,7,4,1,14
3335,223,8,2,71,64
3336,223,2,1,42,87
3337,223,3,3,15,25
3338,224,3,2,95,62
3339,223,6,4,15,9
3340,224,4,3,24,23
3341,223,6,4,3,13
3342,223,4,1,1,62
3343,223,4,2,6,97
3344,223,4,4,1,108
3345,223,4,1,4,64
3346,223,6,4,5,16
3347,223,3,2,5,81
3348,223,6,6,1,82
3349,224,7,1,38,103
3350,223,4,4,84,21
3351,224,4,3,2,79
3352,224,3,3,31,81
3353,224,3,1,2,13
3354,224,3,2,13,25
3355,224,6,4,4,9
3356,224,2,0,48,26
3357,224,5,4,3,25
3358,224,1,0,6,50
3359,225,8,5,1,28
3360,224,5,4,3,25
3361,224,8,5,99,79
3362,224,6,1,1,30
3364,224,5,2,6,57
3365,224,6,4,23,27
3366,224,3,0,16,29
3367,224,5,4,67,78
3368,225,7,0,40,98
3369,224,4,2,55,68
3370,224,1,0,23,25
3371,224,4,2,3,35
3372,224,2,1,51,17
3373,224,6,2,1,74
3374,224,3,0,1,77
3375,224,4,1,1,87
3376,224,3,0,4,100
3377,224,5,2,21,109
3378,224,8,5,38,79
3379,224,6,2,40,6
3380,224,3,0,1,96
3381,225,4,2,28,35
3382,224,5,4,13,107
3383,224,6,2,3,71
3384,224,4,1,32,9
3385,224,7,0,1,24
3386,224,6,1,1,45
3387,224,6,0,32,45
3388,224,4,4,39,104
3389,224,5,4,9,81
3390,224,6,3,32,38
3391,224,5,4,35,113
3392,224,3,0,3,63
3393,224,4,2,31,12
3394,224,6,2,15,66
3395,224,4,1,73,85
3396,224,8,1,2,6
3397,224,5,2,1,56
3398,225,6,0,44,68
3399,224,8,2,14,68
3400,224,1,0,7,56
3401,225,4,2,1,87
3402,224,10,1,55,71
3403,224,4,1,39,25
3404,224,1,1,87,81
3405,224,6,6,60,86
3406,224,2,1,1,57
3407,224,4,2,16,13
3408,224,2,1,1,88
3409,224,8,5,83,111
3410,224,3,2,1,29
3411,224,5,4,2,59
3412,225,5,5,5,32
3413,224,4,2,1,25
3414,224,3,2,1,7
3415,224,5,5,9,49
3416,224,6,5,3,71
3417,224,5,3,43,81
3418,224,4,4,1,47
3419,224,4,0,1,25
3420,224,8,2,100,103
3421,224,7,2,38,26
3422,224,5,4,1,79
3423,224,9,6,17,81
3424,224,5,2,1,79
3425,224,3,3,15,25
3426,224,4,0,9,71
3427,224,6,3,81,14
3428,224,7,6,17,108
3429,224,5,4,31,27
3430,224,4,3,41,80
3431,224,5,2,2,29
3432,224,9,6,3,79
3433,224,4,3,1,104
3434,224,2,2,72,108
3435,224,7,0,35,98
3436,224,6,5,12,28
3437,224,3,2,19,107
3438,224,6,1,1,13
3439,224,5,3,7,92
3440,225,2,0,48,26
3441,224,3,1,2,105
3442,224,5,4,1,79
3443,224,4,2,23,9
3444,224,5,3,3,98
3445,224,6,3,4,9
3446,224,4,3,23,110
3447,224,1,1,34,81
3448,224,7,3,1,105
3449,225,9,6,2,43
3450,225,6,0,4,31
3451,225,4,1,1,87
3452,226,6,2,13,13
3454,225,11,4,36,41
3455,225,5,4,1,43
3456,225,7,2,49,30
3457,225,6,2,52,103
3458,225,9,8,21,47
3459,225,1,0,2,56
3460,225,1,1,87,5
3461,225,6,1,1,16
3462,225,9,8,57,94
3463,225,6,6,8,94
3464,226,5,5,3,104
3465,225,6,3,55,105
3466,225,8,3,7,42
3467,225,5,2,2,44
3468,225,5,5,19,40
3469,225,1,0,58,25
3470,225,3,3,73,104
3471,225,3,1,43,77
3472,225,4,2,3,35
3473,225,9,3,2,110
3474,225,5,2,17,56
3475,225,6,2,17,13
3476,225,4,4,54,106
3477,225,4,3,14,63
3478,225,2,0,28,62
3479,225,5,2,1,56
3480,226,8,5,8,63
3481,225,1,1,15,91
3482,225,3,1,1,81
3483,225,3,2,76,81
3484,225,1,0,9,100
3485,225,8,5,81,81
3486,225,4,2,100,64
3487,225,7,6,7,104
3488,226,5,1,21,62
3489,225,2,1,1,55
3490,226,3,0,36,109
3491,225,8,8,2,108
3492,225,5,3,12,81
3493,226,6,2,16,36
3494,225,4,3,1,25
3495,226,3,3,1,86
3496,225,8,7,20,94
3497,226,5,5,7,108
3498,226,6,3,1,38
3499,225,4,1,1,25
3500,225,7,4,10,28
3501,225,3,0,16,29
3502,225,3,2,54,56
3503,225,5,1,3,51
3504,225,5,3,1,91
3505,225,5,3,34,9
3506,225,7,5,1,105
3507,225,7,3,36,69
3508,226,4,3,36,86
3509,225,6,1,7,50
3510,225,3,3,24,104
3511,225,5,2,1,43
3512,225,7,2,1,14
3513,225,8,0,7,20
3514,226,8,6,25,80
3515,225,4,3,1,17
3516,225,6,5,73,92
3517,225,4,3,21,89
3518,225,4,4,2,106
3519,225,3,1,1,7
3520,225,8,1,2,24
3521,226,5,1,54,100
3522,225,2,0,56,76
3523,225,5,2,43,81
3524,225,6,2,2,20
3525,226,5,4,81,84
3526,225,2,2,27,86
3527,225,3,2,1,81
3528,225,5,5,18,53
3529,225,3,2,4,86
3530,226,6,4,5,5
3531,225,5,5,9,107
3532,225,7,1,1,101
3533,225,5,3,69,82
3534,225,6,2,3,87
3535,226,4,1,5,56
3536,225,5,5,5,104
3537,225,3,2,1,107
3538,225,2,0,1,36
3539,226,8,6,7,28
3540,225,8,7,59,104
3542,225,6,0,80,56
3543,226,2,2,3,26
3544,226,2,0,19,105
3545,225,6,6,1,53
3546,226,2,1,1,27
3547,226,9,4,32,20
3548,226,6,1,1,16
3549,226,7,4,1,50
3550,226,8,6,17,25
3551,226,3,0,3,1
3552,226,1,0,5,45
3553,226,3,3,4,86
3554,226,5,1,2,1
3555,226,2,1,5,51
3556,227,4,1,1,25
3557,226,4,3,3,80
3558,226,8,1,1,103
3559,226,1,1,31,26
3560,226,7,2,1,97
3561,227,8,5,3,16
3562,227,2,2,45,58
3563,227,6,4,2,21
3564,226,3,1,45,38
3565,226,4,4,15,93
3566,226,4,3,84,78
3567,226,5,5,13,19
3568,226,8,4,2,9
3569,227,4,4,4,107
3570,226,2,2,43,7
3571,226,8,6,2,9
3572,227,4,0,42,71
3573,226,4,4,1,108
3574,226,8,6,1,28
3575,226,12,3,8,87
3576,226,4,3,4,80
3577,226,4,1,1,25
3578,226,6,3,13,89
3579,226,4,3,8,27
3580,226,4,4,5,25
3581,226,4,4,18,104
3582,227,5,3,75,28
3583,226,3,0,9,13
3584,227,1,1,62,59
3585,226,7,2,16,63
3586,226,3,2,2,35
3587,226,5,0,73,62
3588,226,3,1,53,5
3589,226,2,2,16,4
3590,227,8,4,34,13
3591,227,6,6,63,49
3592,226,7,1,2,12
3593,226,3,2,6,56
3594,226,7,3,10,13
3595,226,6,4,76,80
3596,226,9,6,1,106
3597,226,6,3,1,80
3598,227,1,0,2,30
3599,227,4,2,1,61
3600,226,3,2,1,7
3601,226,4,0,42,46
3602,226,2,0,4,24
3603,226,2,2,21,43
3604,226,4,3,3,80
3605,226,10,3,1,98
3606,227,7,2,57,60
3607,227,5,3,1,56
3608,226,7,3,7,90
3609,226,3,0,40,51
3610,226,3,2,1,81
3611,226,9,3,8,29
3612,226,3,0,71,62
3613,226,11,5,1,54
3614,227,4,0,9,80
3615,226,6,6,20,4
3616,226,6,1,6,30
3617,226,3,1,82,18
3618,226,4,1,26,16
3619,226,9,3,41,36
3620,226,4,4,9,94
3621,226,5,0,17,20
3622,226,4,1,2,74
3623,226,5,3,1,43
3624,226,7,6,38,43
3625,226,6,3,1,53
3626,226,4,3,2,25
3627,226,9,9,1,106
3628,226,6,1,1,45
3629,226,4,0,4,16
3630,226,5,4,4,46
3631,226,8,4,3,14
3632,226,6,6,1,80
3633,226,7,2,15,37
3634,227,5,5,40,59
3635,227,12,2,8,87
3636,227,6,6,52,104
3637,227,3,3,1,60
3638,228,5,1,1,79
3639,227,7,1,2,45
3640,227,2,0,20,56
3641,227,6,2,36,96
3642,227,4,2,95,73
3643,227,5,3,32,35
3644,227,10,2,13,6
3645,227,3,1,2,38
3646,227,3,0,8,105
3647,227,2,1,16,32
3648,227,2,2,26,7
3649,227,3,3,2,94
3650,228,3,3,9,40
3651,227,4,4,1,104
3652,227,4,3,1,108
3653,227,3,0,32,68
3654,227,1,1,14,79
3655,227,1,0,2,30
3656,227,5,0,1,56
3657,228,3,1,9,96
3658,227,3,1,15,25
3659,227,5,3,1,43
3660,227,1,0,25,25
3661,228,8,7,2,108
3662,227,5,2,2,90
3663,227,3,2,5,27
3664,228,4,3,22,9
3665,227,5,3,1,79
3666,227,6,1,14,73
3667,227,9,6,81,27
3668,227,2,1,33,71
3669,227,2,1,1,88
3670,227,3,2,3,89
3671,227,6,3,1,9
3672,227,3,3,12,104
3673,227,8,1,5,11
3674,227,4,3,18,79
3675,227,7,7,3,106
3676,227,8,6,64,82
3678,227,5,4,1,43
3679,227,11,2,1,54
3680,227,7,2,1,1
3681,227,5,1,19,24
3682,227,7,5,2,27
3683,227,4,1,16,81
3684,227,3,2,6,7
3685,227,4,2,1,62
3686,227,7,2,1,20
3687,227,6,4,1,63
3688,228,10,3,3,50
3689,227,5,2,69,52
3690,227,7,2,1,101
3691,227,6,3,2,58
3692,227,6,4,1,53
3693,227,2,1,2,36
3694,227,2,2,25,35
3695,227,8,1,2,6
3696,227,4,2,8,9
3697,227,7,2,7,9
3698,227,2,2,23,47
3699,228,6,0,28,64
3701,227,5,0,6,20
3702,227,4,2,23,78
3703,228,1,0,44,103
3704,228,5,3,2,26
3705,227,3,1,18,97
3706,227,5,2,1,35
3707,227,7,1,2,45
3708,228,9,1,7,70
3709,227,2,0,47,102
3710,227,5,4,36,9
3711,227,7,0,1,14
3712,228,5,1,2,1
3713,228,7,7,9,27
3714,228,1,0,2,56
3715,228,3,0,1,29
3716,228,6,3,1,38
3717,228,3,1,5,14
3718,229,4,2,2,53
3719,228,2,0,4,87
3720,228,3,1,26,13
3721,228,7,7,17,108
3722,228,1,1,8,81
3723,228,2,0,12,77
3724,228,9,7,8,108
3725,228,1,1,28,96
3726,228,5,4,30,108
3727,228,8,5,4,28
3728,228,2,1,7,105
3729,229,5,5,1,110
3730,228,6,6,1,80
3731,228,7,6,6,80
3732,228,8,5,10,63
3733,228,4,3,17,21
3734,229,5,5,4,108
3735,229,3,2,36,88
3736,228,6,5,1,9
3737,228,3,2,11,100
3738,228,4,3,3,80
3739,228,9,8,2,43
3740,229,2,2,6,86
3741,228,3,1,1,77
3742,228,3,1,3,65
3743,228,3,1,1,64
3744,229,3,0,2,103
3745,228,5,4,13,75
3746,228,7,7,3,106
3747,228,5,2,7,25
3748,228,3,0,23,24
3749,228,2,0,1,57
3750,228,7,1,2,45
3751,229,3,1,1,81
3752,229,3,1,1,81
3753,228,5,1,36,105
3754,228,6,6,1,94
3755,228,3,2,13,25
3756,228,4,4,4,110
3757,228,5,4,1,43
3758,228,5,1,12,3
3759,228,5,2,17,26
3760,228,7,5,3,106
3761,228,3,3,62,108
3762,228,7,3,10,67
3763,228,1,0,16,28
3764,228,6,3,3,21
3765,228,5,2,1,92
3766,228,4,2,40,81
3767,228,8,4,49,67
3768,229,6,1,32,64
3769,228,5,1,1,68
3770,228,5,4,2,113
3771,229,6,1,95,15
3772,228,3,0,55,15
3773,228,6,1,1,38
3774,228,5,3,3,25
3775,228,8,2,7,31
3776,228,7,4,1,101
3777,229,4,2,3,80
3778,228,7,3,2,62
3779,228,4,3,4,80
3780,228,5,4,3,25
3781,229,5,0,52,45
3782,229,4,3,1,47
3783,229,6,6,2,84
3784,228,4,3,40,81
3785,228,2,2,1,26
3786,228,3,1,4,7
3787,228,4,4,23,106
3788,228,5,3,2,47
3789,229,3,3,23,107
3790,230,1,1,23,53
3791,229,5,3,5,93
3792,229,1,0,2,98
3793,229,5,1,1,56
3794,229,8,2,1,70
3795,229,4,4,8,7
3796,229,3,2,26,81
3797,229,12,4,1,6
3798,229,6,2,1,5
3799,229,3,1,9,29
3801,229,8,2,1,103
3802,229,3,0,1,51
3803,229,7,1,2,12
3804,229,3,2,79,28
3805,229,5,4,1,43
3806,229,3,3,4,94
3807,229,9,8,8,108
3808,229,5,2,82,21
3809,229,8,7,10,88
3810,229,3,2,3,1
3811,229,5,4,5,101
3812,229,4,2,2,74
3813,229,4,0,5,56
3814,229,8,3,1,78
3815,229,8,6,34,59
3816,229,7,5,5,18
3817,229,3,1,84,60
3818,230,5,0,66,12
3819,229,4,1,12,56
3820,230,6,3,7,60
3821,229,3,2,1,81
3822,229,3,3,36,94
3823,229,8,1,3,14
3824,229,5,5,88,104
3825,229,7,3,1,105
3826,229,4,2,45,81
3827,229,6,4,61,26
3828,229,7,5,25,89
3829,229,3,2,1,86
3830,229,3,1,21,105
3831,229,2,2,31,108
3832,229,6,4,71,94
3833,229,5,1,6,87
3834,229,7,5,26,92
3835,230,10,1,10,98
3836,229,8,1,1,103
3837,229,3,2,22,6
3838,230,5,4,14,28
3839,229,3,0,1,29
3840,229,3,2,11,7
3841,229,6,1,7,15
3842,229,2,1,35,81
3843,230,1,1,28,43
3844,230,3,2,13,56
3845,231,7,7,27,89
3846,230,6,1,3,71
3847,230,2,1,1,27
3848,230,3,0,9,105
3849,230,7,2,35,9
3850,230,4,3,41,81
3851,230,2,0,55,97
3852,231,2,0,7,22
3853,230,3,0,5,65
3854,231,3,1,29,81
3855,230,2,1,1,2
3856,230,5,2,1,68
3857,230,6,5,10,43
3858,230,1,1,28,80
3859,230,6,6,1,94
3860,230,3,0,5,62
3861,230,4,2,37,56
3862,230,2,2,1,73
3863,230,5,5,5,104
3864,230,4,2,32,106
3865,231,5,1,2,1
3866,231,5,1,47,103
3867,230,5,3,2,75
3868,231,7,2,1,14
3869,230,6,1,3,15
3870,230,6,3,51,7
3871,230,5,4,8,91
3872,230,6,5,18,48
3873,230,4,2,32,25
3874,230,3,1,1,64
3875,230,5,4,15,69
3876,230,5,2,9,18
3877,230,5,5,3,25
3878,230,5,1,100,107
3879,230,2,2,8,96
3880,231,10,3,34,100
3881,230,1,1,79,56
3882,230,5,1,20,83
3883,231,2,0,12,25
3884,230,2,1,32,81
3885,230,10,2,5,98
3886,230,5,1,10,73
3887,231,7,2,40,9
3888,230,7,3,4,68
3889,230,5,4,3,8
3890,230,3,3,4,86
3891,230,4,1,19,71
3892,230,8,1,2,9
3893,230,4,3,45,81
3894,230,5,3,11,53
3895,230,3,1,4,61
3896,230,5,4,6,43
3897,231,6,4,10,43
3898,230,7,4,39,1
3899,230,1,1,8,81
3900,230,4,3,3,80
3901,230,5,4,7,108
3902,230,1,0,2,98
3903,230,2,2,28,59
3904,230,5,2,13,9
3905,230,2,1,68,74
3906,230,5,1,78,33
3907,230,5,1,21,60
3908,230,5,2,61,79
3909,231,7,5,73,7
3910,231,6,5,1,80
3911,231,1,0,54,85
3912,231,11,6,13,63
3913,231,4,4,13,106
3914,231,6,6,3,58
3915,231,7,3,37,77
3916,232,2,1,1,2
3917,231,8,2,7,67
3918,231,2,0,79,102
3919,231,5,5,48,104
3920,231,4,3,19,16
3921,231,5,3,2,7
3922,231,6,4,5,79
3923,231,6,4,2,101
3924,232,7,2,3,23
3925,231,6,1,5,79
3926,232,3,3,3,64
3927,232,3,1,54,56
3928,232,4,0,4,62
3929,232,3,3,33,29
3931,232,7,7,9,108
3932,231,10,8,5,108
3933,231,2,1,4,109
3934,231,8,3,10,79
3935,231,3,1,1,81
3936,231,4,3,75,7
3937,232,4,1,90,61
3938,231,5,3,53,36
3939,231,6,5,74,7
3940,232,2,1,79,21
3941,231,7,6,11,104
3942,231,5,3,2,26
3943,231,4,2,2,53
3944,231,7,2,58,56
3945,231,8,3,9,48
3946,231,8,2,8,63
3947,231,6,2,37,54
3948,231,8,7,7,59
3949,231,7,5,21,7
3950,231,7,1,1,50
3951,231,9,5,2,80
3952,231,4,2,1,25
3953,232,3,1,78,14
3954,231,4,1,8,18
3955,232,3,2,1,81
3956,231,12,7,6,73
3957,231,8,8,30,82
3958,231,7,2,6,16
3959,231,5,4,4,41
3960,231,2,1,27,36
3961,231,2,1,44,59
3962,231,3,2,1,7
3963,231,4,3,91,19
3964,231,3,1,38,17
3965,231,2,0,1,27
3966,231,4,3,6,78
3967,231,3,1,1,81
3968,231,6,2,1,89
3969,232,7,5,6,19
3970,231,4,3,2,25
3971,232,6,2,7,5
3972,231,4,2,3,68
3973,231,2,1,33,26
3974,231,6,4,1,89
3975,231,11,5,8,101
3976,231,3,3,46,21
3977,232,4,3,34,104
3978,231,3,2,36,81
3979,231,4,1,3,68
3980,231,3,1,1,81
3981,232,2,2,18,43
3982,231,6,2,1,9
3983,231,5,3,6,25
3984,231,6,1,29,13
3985,231,3,3,1,7
3986,232,2,0,1,72
3987,231,3,0,1,64
3988,231,6,5,1,82
3989,231,4,2,8,9
3990,231,3,3,8,104
3991,231,6,4,1,63
3992,231,7,5,41,110
3993,231,3,2,1,7
3994,231,7,4,14,21
3995,231,4,4,1,21
3996,231,4,3,29,108
3997,232,6,2,7,60
3998,231,5,2,36,9
3999,231,3,0,23,56
4000,232,3,2,13,71
4001,232,5,3,9,81
4002,231,4,0,58,76
4003,231,5,2,5,99
4004,231,5,5,47,104
4005,231,1,1,18,25
4006,231,4,4,25,94
4007,232,6,1,3,15
4008,232,3,3,15,107
4009,232,2,2,16,32
4010,232,4,3,1,25
4011,232,2,1,3,92
4012,232,2,1,65,94
4013,232,3,1,1,81
4014,232,7,4,35,68
4015,232,5,5,3,104
4016,232,5,4,8,78
4017,232,6,6,1,53
4018,232,5,5,33,86
4019,232,4,1,16,50
4020,232,3,1,94,61
4021,232,2,2,56,104
4022,232,2,0,30,13
4023,232,6,3,23,35
4024,232,3,0,56,26
4025,232,6,4,1,80
4026,232,3,0,8,14
4027,232,5,4,4,108
4028,232,6,0,84,83
4029,233,7,3,1,101
4030,232,4,1,3,35
4031,232,8,4,7,80
4032,232,3,1,26,81
4033,232,2,2,4,43
4034,232,5,5,2,92
4035,233,9,6,11,19
4036,232,2,1,9,109
4037,232,4,1,2,100
4038,233,7,7,17,108
4039,232,4,4,2,79
4040,232,8,4,17,25
4041,232,2,0,42,13
4042,232,4,3,7,43
4043,232,5,5,2,81
4044,232,4,2,16,81
4045,232,8,8,2,108
4046,232,7,5,5,80
4047,232,5,3,51,79
4048,232,9,4,3,73
4049,232,3,0,41,14
4050,232,4,2,54,79
4051,233,10,2,12,62
4052,232,7,4,12,60
4053,232,3,1,1,81
4054,232,9,8,1,106
4055,232,6,3,1,53
4056,232,5,3,2,26
4057,232,5,3,16,55
4058,232,5,2,2,73
4059,233,4,4,1,108
4060,232,4,4,1,108
4061,232,5,4,51,35
4062,232,3,0,43,29
4063,232,3,1,25,78
4064,232,4,3,16,81
4065,232,4,2,42,109
4066,233,9,9,2,104
4067,232,7,2,5,70
4068,232,12,9,1,49
4069,232,2,1,63,26
4070,232,3,1,79,35
4071,233,3,2,15,45
4072,232,9,7,2,80
4073,233,9,7,1,106
4074,232,6,4,4,25
4075,232,5,4,6,104
4076,232,6,3,53,26
4077,232,4,4,1,108
4078,232,2,2,4,81
4079,232,6,2,1,13
4080,232,4,2,93,14
4081,232,5,4,55,89
4082,233,3,3,45,89
4083,232,5,3,69,82
4084,232,5,3,86,16
4085,232,5,1,1,59
4086,232,5,2,6,87
4087,232,4,1,43,103
4088,232,6,3,1,9
4089,232,3,1,1,81
4090,232,2,1,3,26
4091,232,1,0,33,106
4092,232,10,6,81,59
4093,232,8,2,2,64
4094,232,4,4,14,30
4095,232,7,7,32,110
4096,232,4,2,2,78
4097,232,2,2,48,59
4098,232,6,1,1,52
4099,233,7,5,59,55
4101,232,3,3,1,81
4102,233,5,5,1,91
4103,233,9,4,31,78
4104,233,4,3,1,104
4105,233,1,0,5,45
4106,233,4,4,35,7
4107,233,4,0,1,3
4108,233,6,1,2,96
4109,233,7,0,2,45
4110,234,2,2,26,110
4111,233,2,0,13,81
4112,234,5,5,31,7
4113,233,4,1,2,61
4114,234,4,2,2,28
4115,233,9,4,53,70
4116,233,2,0,21,70
4117,233,12,1,8,87
4118,233,5,0,1,92
4119,233,8,7,39,106
4120,234,6,3,49,55
4121,233,5,5,1,110
4122,234,1,1,23,25
4123,233,5,5,10,108
4124,233,7,6,67,108
4125,234,3,3,3,81
4126,233,3,3,1,107
4127,233,3,1,1,81
4128,233,8,7,64,43
4129,233,6,5,10,89
4130,233,3,0,6,24
4131,233,9,2,88,9
4132,234,10,8,5,108
4133,233,8,5,63,6
4134,234,5,1,9,103
4135,233,10,7,47,59
4136,233,3,1,28,108
4137,234,10,0,1,98
4138,233,8,3,2,9
4139,235,9,2,39,111
4140,233,3,3,13,25
4141,233,7,0,2,45
4142,233,6,1,70,98
4143,233,5,1,85,38
4144,233,1,0,2,56
4145,233,3,0,35,56
4146,233,6,4,15,9
4147,233,6,6,79,43
4148,233,7,3,3,7
4149,233,3,1,66,5
4150,233,4,2,5,25
4151,233,4,2,2,25
4152,233,6,4,13,80
4153,233,6,3,97,107
4154,233,5,4,63,108
4155,233,8,2,3,14
4156,233,4,3,12,59
4157,233,3,1,1,81
4158,233,2,1,35,79
4159,233,4,2,12,75
4160,233,4,3,35,7
4161,233,3,2,9,21
4162,233,6,1,15,13
4163,234,3,2,2,105
4164,233,3,2,56,16
4165,234,2,0,4,24
4166,234,5,1,1,56
4167,233,5,3,7,81
4168,234,5,5,9,43
4169,233,4,4,1,104
4170,233,7,4,3,101
4171,233,5,1,76,67
4172,233,6,6,63,106
4173,233,2,0,1,100
4174,233,4,3,4,106
4175,233,5,2,13,9
4176,233,5,3,58,81
4177,233,7,4,3,107
4178,233,5,0,1,15
4179,233,6,3,59,53
4180,233,4,0,41,15
4181,233,5,3,3,25
4182,233,6,0,45,62
4183,233,6,3,43,64
4184,233,5,1,1,68
4185,233,3,3,65,81
4186,233,6,2,16,16
4187,233,4,3,23,70
4188,233,7,2,63,74
4189,233,5,4,3,25
4190,233,6,4,22,65
4191,233,6,3,1,53
4192,234,6,1,1,74
4193,233,4,4,11,25
4194,234,10,2,12,12
4195,234,4,2,12,23
4196,234,8,3,43,89
4197,235,6,0,1,13
4198,234,3,1,5,81
4199,234,4,1,31,9
4200,234,6,2,6,98
4201,234,4,1,1,25
4202,234,4,2,2,25
4203,234,7,1,3,46
4204,234,2,0,24,26
4205,234,4,1,2,19
4206,235,1,1,60,22
4207,234,5,3,6,21
4208,234,8,7,2,108
4209,235,4,3,3,49
4210,234,5,5,50,108
4211,234,8,8,47,108
4212,234,3,1,13,25
4213,234,2,2,15,60
4214,235,2,1,26,7
4215,234,2,2,55,7
4216,234,6,2,18,19
4217,234,7,4,3,107
4218,234,6,3,1,5
4219,234,6,0,77,16
4220,234,7,4,23,94
4221,234,4,1,1,71
4222,234,1,1,12,89
4223,234,2,1,61,93
4224,235,8,4,11,4
4225,234,3,1,13,101
4226,234,1,1,27,82
4227,234,5,0,9,28
4228,234,4,2,5,25
4229,234,7,5,3,106
4230,234,5,4,3,108
4231,235,4,4,8,27
4232,235,5,5,23,86
4233,234,7,5,12,60
4234,234,3,1,1,77
4235,234,3,3,20,58
4236,234,2,1,1,40
4237,234,5,2,14,82
4238,235,6,4,1,63
4239,234,5,1,26,68
4240,235,5,2,2,34
4241,234,7,1,80,46
4242,234,5,5,51,19
4243,234,7,5,42,108
4244,235,5,5,31,7
4245,234,4,1,1,87
4246,234,9,5,46,79
4247,234,4,2,13,28
4248,234,7,6,3,43
4249,234,9,3,8,38
4250,235,6,1,3,12
4251,234,3,2,12,106
4252,234,11,3,39,16
4253,234,2,2,65,5
4254,234,4,3,2,25
4255,234,3,1,11,60
4256,234,3,3,82,4
4257,234,5,4,3,104
4258,234,2,2,73,19
4259,235,6,2,1,9
4260,234,5,4,1,43
4261,234,5,4,55,32
4262,234,6,5,46,80
4263,234,8,7,19,59
4264,234,4,2,4,80
4265,234,3,1,1,29
4266,235,9,6,3,79
4267,234,5,2,48,29
4268,235,5,2,2,32
4269,234,4,4,1,104
4270,234,5,2,1,35
4271,234,4,3,12,9
4272,234,2,0,4,89
4273,234,6,0,1,45
4274,235,5,2,4,46
4275,235,4,3,40,63
4276,236,4,3,22,43
4277,235,7,7,10,86
4278,235,4,3,1,104
4279,235,4,2,3,61
4280,235,7,1,10,64
4281,235,1,0,75,16
4282,235,7,6,58,7
4283,235,2,0,23,11
4284,235,5,4,6,104
4285,235,7,5,26,59
4286,235,5,5,3,25
4287,235,5,2,1,79
4288,235,3,0,19,108
4289,235,7,3,1,1
4290,236,2,1,1,26
4291,235,5,4,88,8
4292,237,3,2,1,96
4293,235,2,2,4,43
4294,235,6,2,3,38
4295,236,3,2,2,35
4296,235,2,2,1,26
4297,235,6,5,1,80
4298,235,7,5,2,27
4299,235,3,2,1,96
4300,235,5,1,2,90
4301,235,1,0,3,60
4302,235,6,3,40,18
4303,236,5,3,8,78
4304,235,8,7,12,8
4305,235,9,6,8,108
4306,235,7,7,3,106
4307,235,3,3,10,106
4308,235,3,1,69,26
4309,235,9,6,1,106
4310,235,7,4,5,76
4311,235,3,0,2,5
4312,235,7,2,5,71
4313,235,5,3,3,55
4314,235,10,7,5,108
4315,236,11,5,11,57
4316,235,3,2,22,12
4317,235,2,1,28,62
4318,235,5,1,12,15
4319,235,4,3,5,25
4320,235,4,0,84,15
4321,235,6,3,70,89
4322,236,6,0,85,70
4323,235,7,0,2,62
4324,235,6,4,10,25
4325,235,6,3,1,19
4326,235,5,3,33,59
4327,235,7,4,3,23
4328,235,3,3,28,104
4329,235,4,2,2,74
4330,235,6,5,4,59
4331,236,3,2,36,35
4332,236,4,4,36,108
4333,235,4,0,1,71
4334,235,4,2,2,28
4335,235,4,2,24,81
4336,236,3,1,5,89
4337,235,2,1,26,7
4338,235,3,3,53,19
4339,235,3,1,9,77
4340,235,5,3,15,101
4341,235,5,2,1,65
4342,236,4,2,5,7
4343,235,6,2,2,109
4344,235,2,2,4,43
4345,235,3,2,65,110
4346,236,4,2,22,26
4347,235,6,3,10,43
4348,235,6,3,1,80
4349,236,3,1,3,81
4350,237,3,0,2,76
4351,237,3,2,23,60
4352,237,7,2,64,73
4353,237,7,3,2,54
4354,236,3,1,4,7
4355,236,4,0,9,45
4356,236,6,4,54,14
4357,236,7,0,1,76
4358,236,9,7,2,110
4359,237,4,3,85,81
4360,237,2,0,15,21
4361,236,5,4,13,21
4362,236,2,2,31,108
4363,236,4,2,21,80
4364,236,7,2,1,14
4365,237,3,2,100,104
4366,236,6,5,10,35
4367,236,1,0,62,35
4368,236,4,1,70,45
4369,237,6,5,1,94
4370,236,5,5,6,104
4371,237,7,3,21,7
4372,236,5,4,1,35
4373,236,2,2,9,4
4374,237,8,2,2,9
4375,236,6,2,26,88
4376,236,4,1,32,26
4377,236,3,3,2,35
4378,236,10,4,11,79
4379,236,11,6,3,113
4380,236,7,3,59,101
4381,236,3,2,9,79
4382,237,4,2,4,112
4383,237,3,2,18,100
4384,236,7,1,1,24
4385,236,1,1,7,100
4386,236,5,5,88,104
4387,236,6,2,69,100
4388,236,4,2,2,25
4389,237,3,3,52,43
4390,237,3,2,4,94
4391,237,4,3,40,7
4392,236,5,3,8,106
4393,236,7,6,11,108
4394,236,3,3,8,104
4395,236,3,2,1,60
4396,236,5,3,5,78
4397,236,2,1,3,110
4398,237,3,0,9,74
4399,236,5,1,2,1
4400,236,5,3,1,43
4401,236,2,2,27,86
4402,236,7,3,3,43
4403,236,2,1,67,6
4404,236,4,3,6,26
4405,236,6,1,58,69
4406,237,5,3,10,108
4407,237,4,2,2,25
4408,237,5,4,1,75
4409,238,2,1,7,110
4410,237,5,4,6,43
4411,237,9,6,1,106
4412,238,3,2,4,78
4413,237,8,3,3,9
4414,238,5,2,14,75
4415,237,5,5,6,94
4416,237,4,4,1,108
4417,237,2,1,4,81
4418,237,3,1,1,7
4419,238,3,1,1,81
4420,237,1,0,3,60
4421,237,4,3,1,108
4422,237,4,0,16,45
4423,237,5,5,6,21
4424,237,5,2,27,42
4425,237,4,2,35,7
4426,237,3,0,36,107
4427,237,5,4,1,43
4428,237,6,1,13,109
4429,237,5,4,4,90
4430,237,3,2,1,7
4431,238,3,3,2,94
4432,237,5,4,30,59
4433,237,7,2,1,76
4434,237,1,0,14,31
4435,237,9,6,2,43
4436,237,6,2,9,26
4437,237,8,7,29,79
4438,237,9,1,58,68
4439,237,6,6,11,94
4440,237,2,1,12,25
4441,237,2,0,42,60
4442,237,3,2,5,21
4443,237,2,1,23,91
4444,237,5,2,4,105
4445,237,5,3,14,82
4446,238,4,3,35,27
4447,238,6,2,4,25
4448,238,5,2,1,79
4449,237,6,2,1,9
4450,237,1,0,11,89
4451,237,4,2,45,32
4452,237,5,3,1,4
4453,237,5,1,2,51
4454,237,6,2,19,25
4455,237,5,3,2,81
4456,237,2,0,61,46
4457,237,4,2,24,25
4458,237,5,2,6,21
4459,237,3,3,12,106
4460,237,4,2,2,25
4461,237,5,3,1,35
4462,238,4,2,40,7
4463,237,5,5,4,108
4464,238,5,2,11,73
4465,238,4,4,1,104
4466,237,4,2,49,96
4467,237,9,9,57,94
4468,239,7,7,34,94
4469,238,3,3,82,23
4470,238,4,3,1,104
4471,238,4,3,3,94
4472,239,3,2,88,113
4473,238,5,3,2,26
4474,238,2,2,48,25
4475,239,3,1,1,60
4476,239,6,2,87,79
4477,238,1,1,14,79
4478,238,6,4,2,109
4479,238,5,4,9,43
4480,238,1,1,8,81
4481,238,3,3,4,7
4482,238,4,4,4,4
4483,238,7,1,3,90
4484,238,3,3,4,94
4485,238,1,0,15,68
4486,238,6,0,4,101
4487,238,1,0,25,25
4488,238,4,1,1,21
4489,238,3,0,30,25
4490,238,4,4,40,43
4491,238,2,1,34,92
4492,238,5,5,6,92
4493,238,7,6,19,58
4494,238,5,4,1,79
4495,238,3,2,61,68
4496,238,7,4,25,7
4497,238,3,2,2,94
4498,238,10,2,27,20
4499,238,6,3,26,70
4500,238,10,9,32,104
4501,238,11,6,3,113
4502,238,8,4,2,9
4503,238,4,2,18,9
4504,238,3,3,1,86
4505,238,6,5,87,7
4506,238,4,1,6,61
4507,239,6,1,74,101
4508,238,4,1,1,61
4509,239,4,4,1,47
4510,238,2,2,20,81
4511,238,6,2,4,79
4512,238,6,3,1,9
4513,239,5,5,37,7
4514,238,6,5,12,92
4515,238,7,1,26,37
4516,239,3,3,3,81
4517,238,8,4,50,75
4518,238,7,4,1,14
4519,238,4,2,88,93
4520,238,5,3,23,49
4521,238,7,4,75,23
4522,239,5,2,10,44
4523,238,3,0,4,14
4524,238,3,1,10,81
4525,238,4,3,1,25
4526,238,3,2,36,27
4527,238,7,0,9,62
4528,239,8,4,16,23
4529,238,8,1,1,103
4530,238,4,1,1,25
4531,238,3,0,2,35
4532,238,4,1,43,103
4533,239,4,2,72,16
4534,238,10,7,8,69
4535,238,5,3,18,53
4536,238,5,1,23,79
4537,238,7,7,34,94
4538,238,3,2,34,26
4539,238,5,5,10,108
4540,238,4,3,6,5
4541,239,7,1,88,21
4542,238,5,1,71,51
4543,238,4,2,4,110
4544,238,3,2,1,81
4545,238,5,5,2,7
4546,238,5,0,23,22
4547,238,4,2,19,26
4548,238,4,0,35,76
4549,238,4,4,1,108
4550,238,1,0,53,29
4551,239,5,5,7,108
4552,239,8,7,20,94
4553,238,4,3,3,80
4554,238,7,6,47,82
4555,239,8,5,2,9
4556,238,6,1,14,38
4557,238,5,4,58,80
4558,238,4,1,88,37
4559,238,9,4,11,92
4560,238,8,4,7,59
4561,238,8,4,1,28
4562,238,6,2,4,79
4563,238,6,2,2,96
4564,238,4,2,87,107
4565,238,3,2,18,97
4566,238,7,6,14,21
4567,239,5,3,21,59
4568,238,5,5,69,108
4569,240,8,1,14,37
4570,239,5,2,1,4
4571,239,5,2,1,43
4572,240,6,3,2,21
4573,239,5,0,7,18
4574,239,7,1,5,71
4575,240,4,2,5,25
4576,240,6,3,8,4
4577,240,6,3,1,53
4578,240,2,1,36,112
4579,239,5,5,1,43
4580,240,4,2,5,25
4581,239,3,3,6,58
4582,239,9,2,6,54
4583,240,6,4,12,7
4584,240,4,3,53,80
4585,239,7,4,3,106
4586,239,3,2,1,7
4587,240,8,6,4,28
4588,239,4,3,5,59
4589,239,9,6,2,43
4590,239,9,5,2,80
4591,239,5,3,1,4
4592,239,3,3,45,86
4593,239,7,0,2,45
4594,239,4,4,7,43
4595,239,3,2,2,35
4596,239,1,0,3,60
4597,239,3,1,8,14
4598,240,7,4,64,27
4599,239,2,2,1,27
4600,239,4,2,49,13
4601,239,4,3,1,108
4602,239,6,2,10,5
4603,240,9,9,2,104
4604,239,3,2,92,101
4605,239,6,0,69,100
4606,240,6,4,1,9
4607,239,4,0,5,96
4608,239,5,4,1,79
4609,239,4,0,1,71
4610,239,1,0,4,27
4611,239,6,3,51,43
4612,239,5,5,7,25
4613,239,7,3,5,53
4614,239,8,3,2,6
4615,239,7,5,33,80
4616,239,6,6,20,104
4617,239,6,1,63,68
4618,239,6,3,4,47
4619,240,4,0,1,25
4620,239,6,0,1,46
4621,239,4,3,9,94
4622,239,5,3,7,92
4623,239,6,3,23,35
4624,239,8,4,1,78
4625,240,5,2,1,79
4626,239,6,3,1,53
4627,239,6,4,6,106
4628,239,6,3,1,74
4629,239,6,3,58,27
4630,239,3,3,1,107
4631,239,3,0,9,101
4632,240,4,1,1,25
4633,239,7,3,26,37
4634,239,3,1,1,81
4635,239,4,0,1,25
4636,239,4,1,50,99
4637,239,4,1,20,100
4638,239,5,5,4,108
4639,239,5,1,13,97
4640,239,2,1,51,9
4641,239,7,4,16,89
4642,240,6,5,1,53
4643,239,10,6,8,21
4644,239,8,4,2,9
4645,239,5,2,2,90
4646,239,4,2,67,89
4647,239,4,1,24,25
4648,239,6,4,13,79
4649,239,7,5,6,80
4650,240,5,5,6,94
4651,239,5,1,1,68
4652,239,4,0,25,102
4653,241,6,4,11,94
4654,239,6,5,1,94
4655,239,4,4,15,86
4656,240,5,2,8,78
4657,239,3,1,4,5
4658,239,4,3,2,93
4659,239,7,6,25,7
4660,240,3,2,42,106
4661,242,5,3,25,29
4662,240,3,0,1,99
4663,241,7,4,21,61
4664,241,5,3,5,106
4665,240,4,1,81,97
4666,240,2,2,4,43
4667,240,4,3,7,26
4668,241,10,5,43,78
4669,240,1,0,13,5
4670,241,6,3,19,110
4671,240,3,3,24,104
4672,240,4,4,4,106
4673,240,3,1,64,25
4674,240,2,0,45,108
4675,240,3,2,1,7
4676,240,4,3,2,106
4677,240,4,2,1,61
4678,240,6,3,1,53
4679,241,5,4,3,108
4680,240,5,1,1,15
4681,240,4,1,4,112
4682,240,4,2,36,79
4683,240,4,4,2,106
4684,240,9,7,2,43
4685,240,4,1,90,23
4686,240,4,4,51,104
4687,241,4,1,1,25
4688,240,4,3,3,94
4689,240,6,5,1,94
4690,240,6,3,7,4
4691,240,6,0,4,9
4692,240,4,0,1,109
4693,240,2,1,44,25
4694,241,5,2,3,25
4695,240,6,0,1,9
4696,240,4,4,81,106
4697,240,2,2,1,27
4698,240,4,4,13,106
4699,240,8,4,1,78
4700,240,1,0,18,25
4701,241,7,7,2,27
4702,240,6,6,1,94
4703,240,6,0,1,74
4704,240,10,5,1,18
4705,240,6,4,51,7
4706,240,5,2,67,38
4707,240,6,4,66,70
4708,240,5,3,1,43
4709,240,12,6,1,49
4710,240,4,2,90,25
4711,240,6,2,6,79
4712,240,4,2,23,78
4713,241,6,4,1,80
4714,241,7,2,1,101
4715,240,3,3,13,86
4716,240,8,4,47,80
4717,241,5,4,2,75
4718,240,4,3,17,21
4719,240,6,4,1,80
4720,240,6,4,1,9
4721,240,6,1,38,108
4722,240,4,1,1,25
4723,240,6,5,68,108
4724,240,1,0,18,25
4725,240,2,0,57,68
4726,240,7,1,63,15
4727,240,3,1,6,22
4728,240,4,0,1,25
4729,240,6,3,1,9
4730,240,5,2,8,35
4731,240,7,1,1,101
4732,240,3,2,3,81
4733,240,8,1,1,103
4734,240,5,4,2,75
4735,240,4,3,1,109
4736,241,4,3,17,27
4737,240,6,4,1,9
4738,240,6,3,2,58
4739,240,2,2,3,26
4740,240,4,1,12,79
4741,240,4,2,22,19
4742,241,1,1,3,4
4743,241,10,5,10,99
4744,240,9,6,10,9
4745,240,6,1,13,103
4746,240,5,2,1,59
4747,241,4,3,22,25
4748,241,4,1,1,17
4749,241,2,1,1,26
4750,241,5,2,13,9
4751,241,9,8,9,91
4752,241,5,3,81,92
4753,241,3,1,1,81
4754,241,6,4,1,5
4755,241,4,2,1,62
4756,241,6,0,25,74
4757,241,5,4,6,43
4758,242,6,2,1,9
4759,241,5,5,2,81
4760,241,8,7,2,108
4761,241,5,4,2,26
4762,241,3,1,19,75
4763,241,5,3,1,79
4764,241,1,0,8,81
4765,241,2,1,24,74
4766,241,4,3,21,80
4767,241,8,3,2,64
4768,241,7,6,14,53
4769,241,7,1,2,71
4770,242,5,2,14,72
4771,241,7,6,3,86
4772,241,7,1,4,51
4773,241,8,2,3,9
4774,241,9,9,2,104
4775,241,4,1,1,25
4776,241,8,2,11,112
4777,241,4,2,22,29
4778,242,4,3,2,106
4779,241,6,2,7,50
4780,241,3,2,18,86
4781,241,6,3,20,89
4782,241,6,4,4,79
4783,241,2,2,1,84
4784,241,6,3,1,89
4785,241,5,2,36,15
4786,241,4,2,1,87
4787,241,6,1,4,6
4788,241,3,2,9,55
4789,241,3,2,25,81
4790,241,5,0,30,60
4792,242,3,2,29,81
4793,241,7,2,44,67
4794,241,7,3,2,40
4795,241,5,2,7,25
4796,241,7,0,2,62
4797,241,8,8,22,82
4798,241,3,3,1,107
4799,242,5,3,6,9
4800,241,1,1,89,21
4801,242,5,2,1,79
4802,241,4,3,2,78
4803,241,2,1,10,93
4804,241,3,1,11,32
4805,241,5,3,1,75
4806,241,7,6,11,104
4807,242,8,4,7,53
4808,241,2,2,1,26
4809,241,1,1,24,63
4810,241,3,2,47,25
4811,243,8,2,6,101
4812,241,9,3,3,79
4813,241,5,4,2,7
4814,242,8,5,17,4
4815,241,5,4,1,75
4816,241,7,0,2,62
4817,241,4,2,6,26
4818,241,5,3,19,81
4819,241,2,2,1,26
4820,241,3,0,3,64
4821,241,5,5,2,89
4822,241,4,3,5,25
4823,241,6,1,38,97
4824,241,4,0,41,56
4825,241,3,1,1,7
4826,241,5,3,9,107
4827,241,5,4,1,43
4828,241,3,1,1,41
4829,242,5,5,56,108
4830,241,6,4,4,9
4831,241,6,2,1,9
4832,241,7,5,66,107
4833,241,3,3,45,86
4834,242,4,2,8,7
4835,242,3,2,4,7
4836,242,5,3,64,104
4837,243,6,2,74,79
4838,242,4,4,1,104
4839,242,1,1,8,28
4840,242,4,3,5,92
4841,242,9,8,2,104
4842,242,2,0,4,109
4843,242,3,2,1,7
4844,243,4,3,3,35
4845,242,4,4,1,108
4846,242,4,0,2,100
4847,242,6,2,3,12
4848,243,6,3,9,7
4849,242,3,0,19,106
4850,243,3,1,5,27
4851,242,4,4,22,25
4852,242,3,1,25,9
4853,242,8,5,5,43
4854,242,6,3,1,9
4855,242,7,4,1,101
4856,242,3,2,3,67
4857,242,4,2,8,9
4858,242,6,2,2,21
4859,243,6,6,1,94
4860,242,8,4,14,107
4861,243,3,2,5,81
4862,242,9,8,21,94
4863,242,5,3,63,89
4864,242,5,3,1,35
4865,242,12,7,1,49
4866,242,6,2,3,71
4867,242,7,5,5,80
4868,242,7,3,6,80
4869,242,4,2,1,17
4870,242,5,5,89,55
4871,242,10,4,7,61
4872,242,3,3,80,104
4873,243,3,0,8,14
4874,242,7,4,3,7
4875,242,4,4,10,104
4876,242,5,2,3,25
4877,242,6,4,5,82
4878,243,7,5,3,43
4879,243,10,2,7,74
4880,242,7,1,21,61
4881,242,2,0,1,100
4882,242,6,4,1,89
4883,242,5,2,1,23
4884,242,6,5,1,94
4885,242,5,5,6,43
4886,242,4,2,88,43
4887,242,3,1,14,89
4888,242,7,5,21,7
4889,242,7,3,18,49
4890,242,1,1,11,97
4891,242,3,0,71,100
4892,243,3,1,6,27
4893,242,3,2,21,96
4894,242,3,1,1,90
4895,243,3,0,3,1
4896,242,3,0,83,56
4897,242,6,0,16,16
4898,242,4,4,18,7
4899,242,4,4,47,58
4900,243,5,1,50,110
4901,242,5,2,1,79
4902,242,7,0,5,60
4903,242,10,6,5,108
4904,242,3,1,1,99
4905,242,5,4,1,91
4906,242,8,7,2,108
4907,244,5,1,3,8
4908,243,3,2,2,105
4909,243,5,2,2,7
4910,244,4,2,10,78
4911,243,5,2,6,43
4912,243,6,4,13,80
4913,243,6,1,1,13
4914,244,7,7,37,21
4915,243,4,3,2,25
4916,243,6,3,28,21
4917,243,3,1,4,58
4918,243,4,1,5,26
4919,243,6,6,29,104
4920,243,8,2,4,103
4921,244,12,5,1,49
4922,243,2,2,25,21
4923,244,7,3,1,14
4924,244,3,2,3,81
4925,243,5,3,14,28
4926,243,4,3,3,80
4927,243,2,1,31,110
4928,243,5,1,51,60
4929,243,5,3,43,81
4930,243,7,3,12,60
4931,243,1,0,16,25
4932,243,7,2,84,82
4933,243,2,0,1,57
4934,243,5,2,1,23
4935,243,7,7,45,21
4936,243,10,3,2,70
4937,243,5,4,1,75
4938,243,5,2,2,7
4939,243,4,1,22,9
4940,243,7,5,2,86
4941,243,7,2,1,14
4942,243,7,1,7,9
4943,244,6,4,63,106
4944,243,5,3,5,101
4945,243,4,0,2,100
4946,243,3,3,48,35
4947,244,8,5,10,79
4948,243,4,4,22,25
4949,243,5,3,2,32
4950,243,4,1,1,109
4951,243,7,5,11,93
4952,243,3,1,9,79
4953,243,3,2,61,81
4954,243,7,5,22,107
4955,243,3,3,1,32
4956,243,5,3,2,51
4957,243,4,2,2,79
4958,243,8,1,1,11
4959,243,5,2,46,53
4960,243,2,2,1,26
4961,243,8,5,2,9
